id_img,label
10052,neutral
10065,sad
10079,angry
10095,angry
10121,angry
10148,angry
10163,sad
10215,angry
1024,angry
10286,angry
10315,angry
10336,happy
10338,surprise
10371,angry
10382,angry
10399,sad
10415,neutral
10426,angry
10551,sad
10554,angry
10583,surprise
10699,angry
10702,neutral
1071,fear
10743,angry
10746,neutral
10818,happy
10823,surprise
10825,neutral
10839,happy
10854,happy
10970,angry
11002,neutral
11017,angry
11024,fear
11028,sad
1106,neutral
11075,angry
11093,angry
11096,sad
11158,neutral
11169,happy
11186,angry
11188,angry
11200,sad
1124,angry
11266,sad
1127,fear
11337,angry
11342,angry
11400,sad
11421,angry
11467,neutral
11561,sad
11610,angry
11613,neutral
11632,sad
11642,neutral
11675,neutral
11694,angry
1177,angry
11813,angry
11841,angry
11849,angry
11883,fear
11949,angry
11964,sad
11986,angry
12136,neutral
12144,happy
1215,neutral
12171,neutral
12183,angry
12230,angry
12237,sad
12307,fear
1235,angry
12352,neutral
12489,sad
12680,angry
12695,happy
12733,angry
12808,angry
12810,sad
12841,angry
12842,neutral
12851,angry
12928,fear
12945,angry
13029,fear
13041,surprise
13057,happy
13059,neutral
13092,neutral
13118,angry
13167,sad
13220,neutral
13267,fear
13279,sad
13334,neutral
13351,sad
13376,neutral
13395,angry
1340,angry
13431,neutral
1350,neutral
13514,sad
13533,surprise
13535,angry
1358,sad
13582,sad
13599,neutral
13607,angry
13671,fear
13672,angry
13738,angry
13758,neutral
1386,surprise
13890,fear
13978,angry
14022,angry
14030,angry
14058,sad
14108,angry
14118,happy
14120,sad
14148,happy
14185,angry
14206,angry
1422,sad
14243,neutral
14315,neutral
14329,angry
14357,angry
14376,neutral
1438,neutral
14381,sad
14421,angry
14438,sad
14498,angry
14557,neutral
1460,angry
14706,angry
1477,neutral
14775,neutral
14821,sad
14831,sad
14870,angry
14945,neutral
15074,surprise
1508,angry
15138,angry
15172,sad
15190,sad
15194,angry
15217,neutral
15222,neutral
15295,neutral
15474,sad
15500,sad
15502,neutral
1555,neutral
15562,angry
15637,sad
15644,surprise
15654,sad
15699,surprise
157,angry
15709,angry
15712,angry
15715,surprise
15725,sad
1575,sad
15771,angry
1582,angry
15820,neutral
15821,neutral
15835,angry
1584,angry
15848,angry
15897,sad
15919,angry
15941,fear
15954,happy
15979,angry
16033,angry
16102,surprise
16169,sad
16222,sad
16233,sad
16287,happy
16292,angry
16380,angry
16406,angry
16410,angry
16413,neutral
16428,neutral
16506,surprise
16510,surprise
16557,sad
16565,fear
16643,sad
16659,neutral
16681,angry
16711,happy
1672,sad
16764,fear
16768,happy
16783,neutral
16792,angry
16875,fear
16999,angry
17024,angry
17053,sad
17085,fear
17099,sad
17167,disgust
1717,angry
17170,neutral
17186,angry
17209,happy
17211,angry
17228,sad
17259,neutral
17316,angry
17344,sad
1736,sad
17371,neutral
17413,sad
17428,sad
17445,sad
17452,angry
17502,angry
17536,angry
17647,fear
17700,angry
17705,angry
17731,angry
17735,happy
17736,angry
17752,sad
17787,angry
17910,angry
17939,angry
18001,sad
18050,angry
18140,angry
18142,angry
18161,surprise
18166,surprise
18183,angry
18200,sad
18247,sad
1825,happy
18254,sad
18284,angry
18376,angry
18380,sad
1841,angry
18415,sad
18445,angry
18459,angry
18466,angry
18492,angry
18534,neutral
18565,neutral
18566,neutral
18588,angry
18593,angry
18602,angry
18617,neutral
18633,angry
18695,angry
18715,angry
18779,angry
1880,sad
18810,surprise
18837,sad
18882,angry
18903,sad
18949,neutral
18983,sad
1899,angry
18994,angry
19014,angry
19060,sad
19067,neutral
1908,fear
19093,angry
19108,angry
19114,surprise
19115,angry
19140,angry
19152,happy
19268,neutral
19292,neutral
19309,angry
19392,neutral
19476,angry
19477,sad
19485,sad
1966,angry
19664,neutral
19732,fear
19811,sad
1983,fear
19832,angry
19877,sad
19906,sad
19923,happy
1994,happy
19950,neutral
19961,happy
2006,sad
20222,angry
20227,neutral
20287,surprise
20290,angry
20298,surprise
20303,sad
20312,happy
20328,happy
20353,angry
20374,angry
20451,angry
2050,angry
20505,sad
20532,angry
2055,sad
20629,happy
20630,happy
20635,angry
20640,angry
20653,sad
20673,angry
20686,angry
20736,angry
20739,sad
20796,angry
20817,happy
20849,sad
21068,angry
21099,angry
21111,fear
21131,fear
21135,angry
21161,angry
2117,surprise
21173,angry
21284,angry
21371,sad
21374,neutral
2142,neutral
21447,fear
21472,angry
21511,sad
21512,angry
21520,surprise
21541,neutral
21573,sad
21670,sad
21703,angry
21723,angry
21782,angry
21836,angry
21865,angry
21916,angry
21921,neutral
21922,happy
2194,sad
22089,angry
22183,fear
22184,angry
22198,sad
2225,angry
22309,neutral
22334,sad
22375,sad
22516,angry
22695,sad
22733,angry
22739,angry
22789,neutral
22807,neutral
22810,angry
22832,happy
2290,sad
22990,angry
23,sad
23008,angry
23041,neutral
23059,angry
23085,sad
23164,angry
23194,angry
23215,neutral
23230,surprise
23246,angry
23327,happy
23404,sad
23468,happy
23473,angry
23488,angry
23521,neutral
23532,angry
23749,neutral
23780,angry
23783,happy
23814,angry
23847,neutral
23886,sad
24067,angry
2407,neutral
24071,sad
24176,fear
24184,angry
24252,sad
24378,fear
24412,angry
24428,angry
24435,happy
24437,angry
24441,happy
24466,angry
24490,angry
245,neutral
24501,sad
24542,sad
24660,sad
24678,angry
24711,neutral
24789,angry
24797,angry
24819,angry
24821,neutral
2484,happy
2486,happy
2487,angry
24886,sad
249,neutral
24959,surprise
24967,fear
2498,sad
24992,sad
25082,sad
25088,surprise
251,neutral
25101,fear
2511,angry
25131,sad
25144,angry
25209,angry
25255,angry
25343,happy
25360,neutral
25435,angry
25528,surprise
25542,happy
2557,angry
2558,angry
25612,angry
25681,neutral
25688,sad
25778,happy
25795,neutral
2581,neutral
25811,angry
25813,angry
25844,neutral
25874,sad
25876,angry
25886,angry
25891,angry
259,sad
25944,angry
25973,neutral
26025,angry
26038,angry
26059,neutral
26121,neutral
26124,sad
26137,happy
26163,happy
26175,sad
26177,angry
26181,neutral
26185,angry
26248,fear
26264,sad
26267,angry
26337,happy
26344,angry
26437,happy
26446,neutral
26462,neutral
26572,sad
26597,happy
26618,surprise
26620,neutral
2668,angry
26725,angry
26789,sad
26845,sad
26860,sad
26886,sad
26899,angry
26900,angry
26919,angry
26928,angry
26956,happy
27016,angry
27022,angry
27054,happy
2709,neutral
2712,sad
27284,neutral
27296,angry
27385,angry
27413,neutral
27464,angry
27483,neutral
27544,happy
2762,happy
27652,angry
2770,fear
27704,happy
27715,surprise
27726,angry
27744,angry
27770,angry
27777,angry
27798,angry
27828,happy
2791,angry
27967,sad
27982,sad
28015,sad
28058,angry
28062,neutral
28120,happy
28144,surprise
28148,sad
28149,neutral
28207,angry
28248,sad
28288,angry
28300,angry
28401,happy
28438,happy
28498,sad
28509,angry
28543,sad
28547,angry
28560,angry
28585,angry
28614,fear
28618,neutral
28620,neutral
28660,angry
28707,fear
28720,angry
28731,sad
28737,surprise
28743,angry
28749,angry
28800,happy
28840,neutral
28867,angry
28884,neutral
2890,sad
28932,sad
28952,angry
29085,sad
29119,angry
29132,angry
29202,happy
29266,angry
29319,fear
2933,angry
29414,sad
29471,neutral
29477,neutral
29493,angry
29523,angry
29527,sad
29554,sad
29571,angry
29581,angry
29588,angry
29614,happy
29669,happy
29685,angry
29730,angry
298,angry
29818,angry
29866,sad
29929,sad
29931,surprise
29947,neutral
29977,sad
29980,sad
30002,sad
30004,angry
30015,happy
30024,angry
30058,angry
30059,neutral
30082,angry
30085,sad
30171,angry
3021,angry
30260,neutral
30273,sad
30290,neutral
30305,angry
30320,neutral
30325,happy
30394,surprise
30415,neutral
30420,surprise
30456,sad
30458,neutral
30460,neutral
30490,neutral
30509,happy
30535,angry
30563,neutral
30584,surprise
30619,fear
30901,angry
30933,sad
30944,happy
3099,angry
31033,angry
31042,sad
31081,neutral
31083,neutral
31138,fear
31142,happy
31203,neutral
3121,sad
3137,angry
31491,angry
31529,sad
31544,sad
31609,angry
31635,neutral
31693,sad
31703,neutral
3176,sad
31849,surprise
3186,angry
31873,angry
3188,happy
31928,happy
32023,angry
32024,happy
32153,fear
32161,angry
32223,sad
32231,angry
3226,angry
32278,sad
32281,neutral
32298,angry
32336,angry
32352,sad
32367,sad
32454,sad
32464,sad
32473,angry
3248,angry
32481,neutral
32506,happy
32512,angry
32575,sad
32584,sad
32617,neutral
32662,happy
32755,angry
32777,angry
33015,sad
3303,fear
33105,angry
33131,fear
33221,sad
3327,neutral
33301,happy
33308,surprise
3334,sad
33352,angry
33444,sad
33450,neutral
33459,angry
33494,angry
33560,happy
33573,neutral
33633,angry
33666,happy
3370,happy
33729,neutral
3377,sad
338,angry
33809,angry
33829,angry
33890,neutral
33924,happy
33926,angry
3393,sad
33935,sad
33977,happy
33987,neutral
33998,angry
34036,happy
34040,sad
3412,angry
34138,angry
34151,angry
34175,neutral
34178,angry
34184,angry
34238,sad
34259,sad
34352,sad
34359,happy
34363,neutral
34448,sad
34474,angry
3449,angry
34507,neutral
34581,sad
34592,fear
34596,sad
34620,angry
3467,angry
34714,angry
34778,angry
34879,surprise
35009,angry
35010,neutral
35028,sad
35041,fear
35059,angry
35145,angry
35149,fear
35162,neutral
35210,angry
3522,neutral
35261,fear
35298,fear
35407,angry
35425,angry
35439,angry
35447,sad
35514,happy
3558,angry
3564,sad
35669,sad
35681,angry
35682,sad
35731,sad
35753,sad
35805,angry
35809,angry
35820,sad
35828,fear
35881,angry
35884,neutral
3599,sad
3632,sad
377,sad
38,angry
3802,angry
3819,sad
3839,happy
3862,neutral
3870,happy
3913,angry
4015,angry
404,fear
4060,neutral
4077,angry
4100,sad
4196,sad
4229,happy
4306,angry
4317,sad
4324,angry
4349,angry
4384,angry
4396,surprise
4397,sad
4459,angry
4468,angry
4502,angry
4579,neutral
4616,angry
4637,neutral
4660,sad
4665,angry
4670,sad
4700,neutral
4751,surprise
4807,surprise
4878,sad
4937,sad
5010,angry
5060,neutral
5064,sad
521,sad
5220,angry
5233,angry
5244,sad
5259,sad
5312,sad
5317,happy
5400,angry
5422,surprise
5432,sad
5434,fear
5459,angry
5519,angry
5564,surprise
5570,angry
5582,sad
5607,sad
5610,neutral
5637,angry
5732,angry
5739,neutral
5780,angry
5810,angry
5822,angry
5859,fear
5883,sad
5888,fear
589,happy
5902,happy
5962,happy
6009,sad
6017,sad
6075,angry
608,sad
6088,sad
6119,angry
6129,angry
6155,fear
6225,angry
6232,sad
624,sad
6274,angry
6278,fear
6283,angry
6321,neutral
633,sad
6347,angry
6364,sad
6365,angry
6375,angry
6390,sad
6420,angry
6426,sad
6471,surprise
6484,neutral
65,neutral
654,angry
6547,sad
6555,neutral
6561,angry
6566,fear
6580,angry
6581,angry
6584,surprise
6618,angry
6621,angry
665,angry
6652,happy
6726,angry
6739,happy
6745,sad
676,neutral
6766,sad
6809,happy
6890,neutral
6923,angry
6955,angry
6965,neutral
7015,angry
7056,angry
7103,neutral
7136,angry
7174,sad
7219,neutral
7257,angry
7261,neutral
727,neutral
7284,angry
7291,happy
7409,angry
7492,sad
7550,fear
7559,sad
7589,happy
764,neutral
7655,angry
7668,neutral
7729,sad
7777,angry
7793,angry
7811,sad
7886,neutral
7919,sad
7937,neutral
7979,fear
8000,happy
8001,angry
8052,angry
8096,angry
8103,neutral
8130,angry
8151,angry
816,angry
8267,neutral
8275,angry
8299,angry
8402,neutral
842,sad
854,angry
8555,neutral
8581,neutral
8593,sad
861,surprise
8661,neutral
8685,angry
8719,sad
8734,happy
8902,angry
8916,neutral
8969,angry
9012,angry
9059,neutral
9100,angry
9156,fear
9266,angry
9293,sad
9331,angry
9400,angry
9567,surprise
9615,angry
966,sad
9691,sad
9698,neutral
9715,angry
9748,neutral
9785,angry
9802,surprise
9811,neutral
9862,neutral
9884,sad
9931,angry
10053,angry
10435,sad
10532,sad
1115,sad
11222,fear
11529,disgust
11639,angry
12417,angry
12753,sad
13372,angry
13597,sad
13652,sad
13847,surprise
14041,fear
14869,sad
14954,sad
14958,neutral
15110,sad
16021,happy
16054,happy
16121,angry
16264,angry
16718,angry
17260,angry
18077,neutral
1843,sad
18464,angry
18716,sad
19649,sad
19734,angry
19770,sad
19801,neutral
19831,sad
20761,sad
21744,neutral
21765,disgust
21851,sad
22320,angry
2275,sad
23141,angry
23153,neutral
23665,angry
23876,sad
24578,angry
25267,angry
25538,neutral
25541,happy
26859,happy
2732,angry
2742,angry
28332,angry
28390,surprise
28710,neutral
28987,angry
29158,sad
29269,sad
30347,sad
30428,sad
30499,angry
30601,angry
30719,angry
30761,sad
30907,neutral
3101,happy
31232,angry
31323,neutral
31796,sad
31828,angry
32487,surprise
32681,sad
33209,angry
33284,angry
33561,angry
33670,angry
33995,angry
34022,angry
34432,sad
34505,angry
34519,happy
3521,fear
35376,angry
35580,sad
3690,angry
3778,angry
4002,sad
4004,sad
4265,fear
4312,angry
4481,fear
4737,sad
5085,angry
533,sad
573,sad
6231,angry
6926,angry
7068,fear
7192,angry
7405,fear
7455,happy
7592,angry
7835,disgust
807,neutral
8415,angry
8585,angry
8726,neutral
8893,sad
8948,sad
9043,sad
9297,angry
9460,sad
9504,sad
10029,surprise
10043,angry
10044,happy
1008,sad
10099,neutral
101,surprise
10189,fear
10263,neutral
10267,fear
10278,angry
10292,neutral
10355,surprise
10409,happy
10437,sad
10443,sad
10445,sad
10458,angry
10489,surprise
10493,surprise
10534,surprise
1075,sad
10758,sad
1079,sad
10797,fear
10832,neutral
10933,angry
10944,angry
10968,neutral
10979,fear
11030,fear
11036,happy
11039,neutral
11054,neutral
11057,neutral
11104,sad
11112,surprise
11137,surprise
11143,happy
11146,fear
1116,sad
1128,surprise
1133,fear
11353,surprise
11360,happy
1137,neutral
11381,fear
11412,fear
11416,sad
11471,angry
11536,surprise
1154,neutral
11559,neutral
11587,neutral
11653,fear
11682,surprise
11687,angry
1169,neutral
11704,surprise
11706,neutral
11727,neutral
11729,sad
11747,neutral
11754,surprise
11774,sad
11816,sad
11855,happy
11904,sad
1193,surprise
11944,surprise
11968,surprise
11999,sad
12063,neutral
12125,sad
12255,happy
12259,happy
12313,surprise
12334,angry
12350,surprise
12383,happy
12431,neutral
12440,angry
12472,neutral
12496,sad
12527,fear
12578,happy
12592,surprise
12634,angry
12674,neutral
12676,angry
12698,surprise
12712,fear
12737,surprise
12809,sad
12891,sad
12948,surprise
12986,fear
12988,sad
13067,neutral
13071,surprise
131,sad
13114,sad
13121,happy
13152,fear
13179,sad
13233,fear
1325,neutral
13250,angry
13252,fear
13301,surprise
13306,angry
13308,sad
13310,angry
13362,sad
13394,happy
13405,sad
1343,angry
13482,sad
13486,sad
13518,sad
13549,surprise
13561,surprise
13585,angry
13587,sad
13593,sad
13596,sad
13638,sad
13664,surprise
1367,fear
13683,sad
13694,surprise
13798,surprise
13855,surprise
1389,sad
13899,sad
13913,sad
13921,sad
13928,surprise
13933,neutral
13939,surprise
13965,angry
13971,neutral
1401,neutral
14011,fear
14033,neutral
14037,sad
14044,happy
14057,angry
14082,fear
1410,surprise
14114,angry
14117,neutral
14268,fear
1429,sad
14306,sad
1441,sad
14444,neutral
14452,sad
14509,angry
14529,surprise
14551,surprise
14605,angry
14620,angry
14637,neutral
1465,happy
14722,sad
1474,fear
14744,sad
14747,happy
14786,angry
14789,fear
148,angry
1485,surprise
14891,fear
14987,sad
15001,neutral
15012,angry
15040,angry
1506,angry
15088,sad
15134,fear
15191,sad
15198,fear
15260,fear
15268,sad
15279,sad
15280,sad
1534,angry
15503,angry
15539,neutral
15544,fear
15578,sad
15615,surprise
15622,angry
15663,sad
15668,sad
15678,angry
1576,neutral
15778,surprise
15859,neutral
15870,sad
15881,surprise
15921,fear
15950,angry
15984,fear
1599,neutral
15999,sad
16039,fear
1606,angry
16071,sad
16113,neutral
16134,surprise
16226,sad
16277,surprise
16318,surprise
16330,fear
16346,surprise
16374,surprise
16395,sad
16429,sad
16440,surprise
16450,surprise
16486,surprise
16489,sad
16501,neutral
16503,sad
16523,angry
16539,sad
1654,happy
16559,neutral
1657,surprise
1660,fear
16609,sad
16632,angry
16674,surprise
16775,surprise
16788,fear
16802,sad
16811,neutral
16830,sad
16915,sad
16930,sad
16954,neutral
16977,sad
16990,sad
17105,sad
17107,angry
17114,fear
17180,fear
17191,sad
17213,happy
17217,sad
1722,surprise
17236,fear
1727,angry
17314,sad
17334,sad
17369,neutral
17449,angry
17479,angry
17503,fear
17550,sad
17558,sad
1756,fear
17587,angry
17631,angry
17668,surprise
17685,neutral
17707,sad
17710,fear
17762,angry
17816,sad
17831,sad
17834,neutral
17901,angry
17930,surprise
17932,sad
17934,neutral
1796,sad
1799,sad
18006,angry
18010,fear
18068,neutral
18073,fear
18104,surprise
18106,angry
18108,surprise
18117,angry
18148,neutral
18203,angry
18291,happy
18299,happy
18309,surprise
18317,sad
18325,sad
18336,sad
18364,neutral
1838,fear
18404,sad
18513,angry
18517,happy
18523,sad
18527,fear
18542,sad
18569,angry
1857,sad
18574,angry
18641,happy
18713,sad
1873,surprise
18753,sad
18757,sad
18763,neutral
18905,surprise
18908,fear
18911,surprise
18960,neutral
18974,angry
18976,sad
18984,sad
19000,sad
19020,surprise
19064,surprise
19089,fear
19119,sad
19188,sad
19216,sad
19226,neutral
19235,surprise
19252,happy
1929,fear
19349,neutral
1939,neutral
19454,neutral
19473,sad
19497,sad
19559,angry
19599,angry
19612,angry
19644,surprise
19682,sad
19740,surprise
19754,angry
19810,sad
19841,fear
1986,surprise
19888,sad
19896,neutral
19897,neutral
19995,sad
200,angry
20037,surprise
20058,fear
20062,sad
20083,sad
20135,sad
20194,fear
20214,angry
20265,happy
20337,neutral
20411,sad
20424,surprise
20450,surprise
20461,fear
2047,sad
20476,neutral
20495,sad
20508,fear
20526,happy
20579,fear
20598,angry
20617,neutral
20715,neutral
20831,neutral
20843,fear
20851,neutral
20897,sad
20970,sad
2098,angry
21,fear
21070,fear
21101,sad
21102,surprise
21227,surprise
21230,sad
21250,sad
21269,angry
21280,surprise
21352,sad
21360,sad
21387,surprise
21420,surprise
21464,surprise
21499,happy
21500,surprise
21556,surprise
21559,surprise
21598,surprise
21615,neutral
21654,fear
21686,surprise
21697,happy
2178,surprise
21833,surprise
21858,neutral
21877,sad
21946,surprise
21967,surprise
22050,surprise
22074,angry
22102,sad
22130,fear
22166,fear
2226,fear
22326,surprise
22349,neutral
224,surprise
22458,angry
22485,sad
22520,surprise
22607,neutral
22640,fear
22662,sad
22756,neutral
22791,happy
22827,fear
22839,surprise
22840,surprise
22917,neutral
22944,angry
22988,sad
22997,neutral
23038,sad
23083,sad
23100,surprise
23126,fear
23142,neutral
23184,angry
23192,sad
23209,fear
23260,fear
23305,surprise
23332,sad
23362,neutral
23368,surprise
23389,fear
23403,sad
23427,sad
23447,neutral
23463,sad
23477,sad
23517,fear
23540,surprise
23561,sad
23566,fear
2357,angry
23718,surprise
23731,sad
23767,fear
23778,sad
2378,fear
23791,sad
2391,sad
24016,sad
24035,neutral
24088,sad
24089,fear
24131,neutral
2416,sad
24165,neutral
24185,angry
24213,fear
24220,neutral
2426,surprise
24452,angry
24479,sad
24482,surprise
24539,sad
24554,angry
24562,surprise
24579,happy
24621,fear
24625,happy
24694,angry
24721,sad
24753,sad
24763,fear
24778,happy
24822,angry
24880,sad
24948,surprise
24963,angry
24978,sad
24991,sad
25045,fear
25046,fear
25061,sad
25074,surprise
25108,surprise
25109,sad
25133,sad
25162,surprise
25191,neutral
25202,happy
25220,sad
25242,sad
25247,sad
25298,happy
25306,sad
25327,happy
25359,angry
25439,happy
25481,neutral
25496,surprise
25555,sad
25570,surprise
25577,sad
25590,sad
25605,sad
25621,sad
25638,sad
25647,fear
25710,fear
258,fear
25820,surprise
25914,sad
2592,sad
2593,sad
26082,neutral
26091,happy
26097,sad
26131,surprise
26210,angry
26250,fear
26275,happy
26283,sad
26363,sad
26377,fear
26385,angry
26394,sad
264,fear
26402,sad
26409,surprise
2641,angry
26454,angry
26469,surprise
2651,sad
2657,neutral
26582,happy
26726,sad
2681,angry
26842,fear
26895,neutral
26916,surprise
26927,angry
26973,fear
26980,sad
270,sad
27006,angry
27077,sad
27094,sad
27098,surprise
27103,angry
27145,angry
27300,fear
27308,neutral
27359,angry
27363,sad
27369,sad
27488,surprise
27503,angry
27509,happy
27591,sad
27635,sad
27709,neutral
27764,sad
27772,sad
27806,sad
27846,sad
27868,sad
27889,surprise
2789,sad
27899,sad
27910,fear
27937,sad
28050,angry
28101,neutral
28189,sad
28210,sad
28243,happy
28267,happy
28308,fear
28331,angry
28417,angry
28453,surprise
28503,surprise
28515,surprise
28548,surprise
2858,sad
2860,fear
28627,sad
28701,neutral
28704,surprise
28724,fear
28729,sad
28734,neutral
28859,happy
29005,sad
29026,surprise
29027,fear
29043,fear
2906,angry
29068,angry
29126,neutral
29152,sad
29219,neutral
2927,surprise
29284,fear
29285,sad
29291,happy
29315,fear
29327,sad
29349,surprise
29389,angry
29478,sad
29528,fear
29536,sad
29603,angry
29629,neutral
29674,angry
297,happy
29701,sad
29709,surprise
29713,neutral
29720,fear
29731,neutral
29733,angry
29735,sad
29738,neutral
29795,sad
29869,sad
2987,angry
29871,sad
2988,happy
29892,neutral
29912,sad
29924,sad
29990,sad
3000,surprise
30062,happy
30074,sad
30196,fear
30206,sad
30237,surprise
30253,neutral
30316,fear
30333,fear
3036,sad
30482,fear
30564,fear
3057,sad
30594,surprise
30638,neutral
30735,surprise
30774,fear
30798,neutral
3087,angry
30936,angry
31007,neutral
31105,angry
31107,happy
31116,surprise
3112,fear
31130,fear
31157,happy
31159,surprise
31188,fear
3124,sad
31286,fear
31330,fear
31341,sad
31357,surprise
31375,angry
31395,sad
31398,fear
314,sad
31421,sad
31461,neutral
31526,sad
31535,angry
31569,fear
31625,surprise
31638,sad
31655,sad
3170,surprise
31738,sad
31782,surprise
31821,happy
31855,fear
31860,fear
31866,happy
31903,fear
31916,sad
31940,sad
31954,sad
31973,sad
31979,neutral
32076,neutral
32097,neutral
32103,sad
32180,sad
32279,surprise
32323,fear
32349,surprise
32351,angry
32438,neutral
32461,sad
32463,neutral
32485,sad
32507,sad
32551,sad
32569,fear
32619,neutral
32623,happy
32642,sad
32682,neutral
32688,angry
3269,surprise
32692,sad
32696,surprise
32758,neutral
32766,sad
32799,fear
32829,sad
32876,fear
32879,fear
32889,angry
32931,angry
32940,surprise
32941,neutral
32946,sad
3296,sad
3297,sad
32996,angry
33007,happy
33051,sad
33097,fear
3314,sad
33215,fear
33258,sad
33299,fear
33358,fear
33390,happy
33410,angry
33419,fear
33440,surprise
33490,neutral
33519,sad
33535,sad
33548,fear
33559,neutral
33587,sad
33608,sad
33617,sad
33644,surprise
33673,surprise
33674,neutral
33701,sad
33718,angry
33806,fear
33855,sad
3391,angry
33919,fear
33940,angry
340,sad
3402,neutral
34024,fear
34063,neutral
3409,happy
34097,sad
341,happy
34100,neutral
34117,neutral
34120,sad
34143,neutral
34201,fear
34277,happy
34325,surprise
34356,angry
34382,sad
34396,happy
34415,sad
34462,fear
34465,angry
34522,neutral
34545,sad
34613,neutral
34656,fear
34659,angry
34675,fear
3472,neutral
34730,sad
34755,surprise
34878,surprise
34897,neutral
34968,sad
34972,neutral
35022,fear
35120,fear
35151,surprise
35202,sad
35207,surprise
35230,surprise
35238,surprise
35250,angry
35257,sad
35279,neutral
35322,neutral
35334,fear
35362,fear
35363,happy
35394,angry
35410,neutral
35427,sad
35453,fear
35541,surprise
35592,surprise
35629,sad
3565,surprise
35697,surprise
35709,angry
3584,neutral
35851,neutral
3601,neutral
3645,sad
365,angry
3709,surprise
3714,neutral
3719,happy
3722,fear
3736,sad
3739,sad
3742,neutral
3783,neutral
3785,neutral
3836,sad
3837,angry
3985,happy
4033,surprise
4040,fear
4064,sad
4098,happy
414,fear
418,angry
4200,surprise
4217,sad
4234,neutral
4296,sad
4308,fear
4316,surprise
4340,surprise
4411,surprise
4453,fear
4516,angry
452,happy
4523,fear
454,sad
4540,sad
4547,angry
460,fear
4650,surprise
4821,happy
483,sad
4858,surprise
4901,happy
4917,neutral
4975,surprise
4979,angry
4986,fear
500,neutral
5023,neutral
504,sad
507,surprise
5074,sad
5097,sad
5117,angry
5184,sad
5222,surprise
5253,surprise
5263,fear
5283,sad
5360,fear
538,sad
546,angry
5472,sad
5514,surprise
5567,neutral
5622,fear
5638,neutral
5654,sad
5717,angry
5736,surprise
5809,fear
5858,sad
5957,angry
5961,sad
5989,happy
5992,neutral
6035,neutral
6037,surprise
6054,sad
6059,neutral
6062,surprise
6064,angry
6091,fear
6106,happy
6152,neutral
6153,sad
6176,angry
6179,fear
6214,surprise
6311,sad
6345,neutral
6346,neutral
6366,surprise
6469,happy
6495,neutral
6515,angry
6608,sad
6732,fear
6747,neutral
6808,surprise
6814,sad
6876,sad
689,fear
6902,happy
6909,fear
6973,surprise
6988,fear
7027,sad
7038,surprise
7102,happy
712,happy
7129,surprise
7146,fear
7150,angry
7158,sad
7182,surprise
7270,sad
7271,sad
729,sad
73,fear
7302,surprise
7305,fear
7350,neutral
7394,neutral
741,neutral
7517,angry
7542,surprise
7580,neutral
7681,surprise
7684,sad
7748,fear
7749,fear
7756,sad
7786,surprise
7819,sad
7846,sad
7875,sad
7894,neutral
794,neutral
7980,angry
8035,fear
8040,sad
8043,sad
8067,happy
8119,sad
8163,neutral
8177,happy
8178,sad
8239,surprise
8350,surprise
8433,neutral
8454,sad
8474,angry
8481,sad
85,sad
8556,angry
859,fear
8611,sad
8637,fear
8645,surprise
8672,sad
872,sad
8754,surprise
8795,happy
8797,sad
8818,surprise
886,angry
9037,surprise
9040,angry
9101,sad
911,angry
9179,neutral
9205,surprise
9232,neutral
9251,fear
9261,neutral
9281,sad
9302,sad
9333,sad
9369,surprise
9370,angry
9474,sad
949,sad
9602,angry
9606,fear
9842,angry
9898,angry
10019,sad
10023,sad
10074,happy
10096,happy
10106,happy
10126,sad
10138,happy
10141,surprise
1020,sad
10218,happy
10237,happy
10248,happy
10257,happy
1027,happy
10273,neutral
10276,happy
10312,happy
10317,happy
10344,happy
10362,happy
10367,happy
10370,happy
10432,happy
10456,surprise
10467,happy
10468,angry
10480,happy
10528,happy
10540,happy
10552,happy
1056,surprise
10571,surprise
1058,happy
10622,happy
10638,sad
10640,happy
10644,happy
10647,sad
10683,happy
10703,neutral
1074,angry
10770,happy
10773,neutral
10792,happy
1081,happy
10811,happy
10841,happy
10879,surprise
10903,happy
10935,angry
10956,happy
10992,happy
11019,happy
1111,fear
11150,happy
11208,happy
1121,happy
11236,neutral
1130,fear
11345,happy
11349,happy
11392,happy
1141,happy
11500,happy
11508,neutral
11516,sad
1152,happy
11530,happy
11549,angry
11552,happy
11558,happy
11573,happy
11575,happy
11588,neutral
1159,happy
11594,happy
11604,neutral
11614,happy
11637,surprise
11646,happy
11658,happy
11717,happy
11733,happy
11763,happy
11766,happy
11772,sad
11785,happy
11793,happy
11808,happy
11814,happy
11819,happy
11835,fear
11842,happy
11850,happy
11885,neutral
11927,happy
12011,happy
1202,neutral
12024,happy
12098,angry
12120,happy
12129,neutral
12141,happy
12191,happy
12239,happy
12257,happy
12284,happy
12321,happy
12329,happy
12349,happy
12359,happy
12376,happy
12379,neutral
12381,surprise
12410,happy
1246,happy
12487,happy
12492,sad
12497,surprise
12557,happy
12560,happy
12581,happy
12600,happy
12611,happy
12672,happy
12705,neutral
12725,happy
12729,fear
12772,happy
12776,happy
12789,neutral
12861,happy
12904,sad
12936,happy
12951,happy
12956,happy
12957,happy
13037,surprise
13073,happy
1309,happy
13105,happy
13108,sad
13127,neutral
13139,happy
13151,sad
1316,happy
13204,happy
13228,happy
13283,happy
13317,surprise
13322,happy
1334,happy
13348,fear
13353,happy
13363,happy
13366,fear
13385,happy
1341,happy
13427,happy
13428,happy
13449,happy
13456,happy
13476,happy
13502,happy
13526,happy
13528,happy
13570,happy
13584,happy
13590,happy
13615,angry
13618,happy
13655,happy
13703,happy
13706,happy
13715,happy
13757,happy
13761,happy
13792,happy
13802,happy
1381,happy
13833,happy
13848,happy
13874,happy
13877,happy
139,happy
13911,happy
13912,surprise
13925,happy
1395,sad
13955,sad
13968,surprise
13969,happy
13991,neutral
14063,happy
14092,happy
141,neutral
14139,happy
14152,happy
14155,angry
14169,happy
14236,happy
14278,happy
14282,happy
14292,happy
14310,happy
14314,happy
14327,happy
14348,sad
14360,happy
14371,happy
14378,happy
14419,fear
14427,happy
14448,neutral
14473,happy
14475,happy
14516,happy
14517,angry
14518,neutral
14546,happy
14586,neutral
14593,happy
14611,happy
14700,happy
14730,happy
14757,happy
14759,neutral
14792,happy
14877,happy
1491,happy
14965,happy
14973,sad
15039,happy
15060,happy
15077,happy
15099,happy
1512,happy
15147,happy
15181,happy
15212,happy
15216,angry
15221,sad
15229,happy
15257,sad
15269,neutral
15271,happy
15292,happy
15310,happy
15323,happy
15331,neutral
15335,happy
1538,happy
15397,happy
15400,happy
15409,happy
15426,angry
15432,happy
15438,happy
15443,happy
15455,neutral
15494,happy
15520,neutral
15523,angry
15589,happy
15616,happy
15621,happy
15677,happy
15708,happy
15758,happy
15767,happy
15791,surprise
15843,happy
15854,happy
15885,fear
15910,surprise
15966,surprise
15976,happy
15983,neutral
16037,angry
16042,happy
16064,happy
16076,happy
16081,happy
16106,neutral
16108,happy
16120,happy
16141,happy
16192,happy
16198,happy
16238,happy
16275,happy
1628,happy
16308,happy
16370,happy
16375,happy
1640,happy
16407,happy
16423,happy
16444,happy
16460,sad
16511,happy
16550,happy
16562,happy
16583,happy
16588,happy
16596,neutral
16604,happy
16611,happy
16619,sad
16633,happy
16649,happy
16667,happy
16699,happy
167,happy
1670,happy
16700,happy
16712,sad
16734,happy
16738,happy
16751,angry
16752,angry
16759,happy
16770,happy
16795,happy
16799,happy
16809,happy
16818,happy
16952,happy
16967,happy
16971,happy
1699,angry
17002,surprise
17007,neutral
17010,fear
17021,sad
17022,happy
17032,angry
1704,sad
17041,happy
1707,happy
17098,happy
17104,fear
17117,happy
17188,happy
17194,happy
17207,happy
17220,happy
17319,happy
17367,neutral
17381,happy
17397,happy
17402,happy
17447,happy
17462,neutral
17470,surprise
17484,happy
17485,angry
17494,happy
17498,happy
17506,sad
17524,happy
17541,happy
17543,happy
17552,happy
17609,happy
17624,happy
17654,happy
1768,happy
17682,happy
17684,happy
17692,happy
17694,happy
17698,happy
1770,happy
17715,happy
17772,happy
17799,happy
17802,neutral
17821,happy
1787,sad
17904,happy
1793,happy
17936,happy
18016,happy
18018,happy
18025,neutral
18033,happy
18037,happy
18080,happy
18082,happy
1815,happy
18165,happy
18173,happy
18205,happy
18226,happy
18237,happy
18245,happy
18249,sad
18250,happy
18256,happy
18259,surprise
18297,happy
18308,happy
18383,happy
18405,happy
18424,neutral
18425,happy
18442,happy
18443,happy
18471,happy
18476,happy
18483,happy
18487,happy
18503,happy
18505,neutral
18531,happy
18541,neutral
18556,happy
18568,happy
18578,happy
18655,happy
18662,happy
1869,happy
187,happy
18700,sad
18729,angry
18783,happy
18822,happy
18827,sad
18834,happy
18835,happy
18849,happy
18861,happy
1887,happy
18873,happy
18885,happy
18898,happy
18904,surprise
18930,happy
18944,happy
18948,happy
18952,happy
19008,happy
19012,happy
19025,sad
19056,happy
19062,happy
19063,neutral
19074,happy
19105,happy
19127,surprise
19130,sad
19132,happy
19137,happy
19148,happy
19160,neutral
19162,happy
1919,happy
192,surprise
1920,happy
19210,happy
19245,happy
19263,happy
19269,happy
19284,happy
19291,happy
19317,happy
19318,happy
19323,happy
19346,happy
19357,happy
19370,happy
19377,happy
19378,happy
1938,happy
19398,happy
19402,neutral
19438,happy
19449,happy
19478,happy
19492,happy
19496,happy
19499,happy
19514,happy
1953,happy
19536,happy
19548,sad
19568,sad
19589,neutral
19597,happy
196,happy
19600,happy
19605,sad
19668,happy
19680,happy
19696,happy
19700,happy
19709,happy
19711,surprise
1974,happy
19744,happy
19747,happy
19748,happy
19768,happy
19803,fear
19837,happy
19883,happy
19889,happy
19918,happy
19957,happy
19958,angry
19962,happy
19968,happy
2001,happy
20023,happy
20025,happy
20032,happy
20039,angry
20048,happy
20091,happy
20111,happy
2012,happy
20120,happy
20122,happy
20140,happy
20155,neutral
20165,happy
20181,happy
20196,happy
20208,happy
20213,happy
20216,neutral
20218,happy
20229,happy
20239,neutral
20252,happy
20267,happy
20285,happy
20296,sad
20318,happy
20355,happy
20365,happy
20371,sad
20377,happy
20412,happy
20430,happy
20445,sad
20490,happy
20500,happy
20507,happy
20519,happy
20547,happy
20561,happy
20567,happy
2058,happy
20580,happy
20595,happy
20616,happy
2064,happy
20666,happy
20675,neutral
20684,neutral
20685,happy
2069,happy
20745,happy
20821,happy
20829,happy
20850,happy
20857,happy
20865,happy
20866,happy
20889,happy
20918,happy
20941,happy
20945,happy
20949,happy
20958,happy
20972,angry
20984,happy
20988,happy
20994,happy
210,happy
21006,happy
21027,happy
21033,happy
21077,angry
21097,happy
21098,angry
21120,happy
21143,happy
21177,happy
21185,happy
2120,surprise
21200,happy
2122,neutral
21235,neutral
21292,happy
213,happy
21305,happy
21316,happy
21348,happy
2135,happy
2137,happy
21376,happy
21384,happy
21394,happy
21439,happy
21441,happy
21460,happy
21473,happy
21483,angry
21501,neutral
2152,fear
21524,happy
21538,happy
21574,happy
2159,happy
21593,happy
21602,happy
21605,happy
21618,happy
21699,happy
21708,happy
21750,happy
21778,neutral
21783,neutral
21787,happy
2182,angry
21825,neutral
21835,happy
2184,happy
21846,happy
21876,happy
21899,happy
21927,neutral
21942,fear
21943,fear
21961,neutral
21990,neutral
2204,happy
22056,surprise
22064,sad
22080,happy
22097,happy
22111,neutral
22138,sad
22140,happy
22150,happy
22154,happy
22178,angry
22179,happy
22191,happy
22194,happy
22201,angry
22247,happy
22289,sad
22290,happy
22301,sad
2231,happy
22340,happy
22346,happy
22347,happy
22351,happy
22380,happy
22388,happy
22395,happy
22424,happy
22459,happy
22466,happy
22506,happy
22532,happy
22545,happy
22560,happy
22574,happy
22600,happy
22604,sad
22612,neutral
22614,happy
22671,happy
22679,angry
22711,happy
22750,happy
22754,fear
22763,happy
22778,happy
22784,happy
22804,happy
22805,happy
2282,happy
22834,happy
2284,happy
22863,surprise
2287,happy
22894,happy
22900,happy
22910,sad
2293,happy
22935,happy
22991,happy
23028,happy
2305,happy
2307,happy
2308,happy
23096,happy
23101,happy
23114,happy
23122,happy
23170,happy
23238,happy
2324,fear
2327,happy
23293,neutral
23319,happy
23320,sad
23321,happy
23334,happy
23377,happy
23380,happy
23381,happy
23419,happy
23440,happy
23453,happy
23462,sad
2350,happy
23501,happy
23525,happy
23555,happy
23559,happy
23572,happy
23590,happy
23612,neutral
23621,happy
23664,happy
23667,happy
2374,happy
2377,happy
23770,happy
23786,sad
23801,happy
23813,happy
23848,happy
23862,happy
23865,neutral
23866,happy
23891,happy
23897,happy
23920,happy
23933,happy
23946,happy
24027,happy
2403,angry
24054,neutral
24055,happy
24077,angry
24079,happy
24099,happy
2411,sad
24123,happy
24137,happy
24148,happy
24161,happy
24189,angry
24200,happy
2421,happy
24211,happy
24219,happy
24224,happy
2424,happy
24241,happy
24259,surprise
24263,happy
24286,happy
24289,happy
24292,happy
24297,happy
24299,happy
24340,happy
24354,happy
24355,happy
2436,neutral
24360,happy
24380,happy
24390,happy
24391,surprise
24393,happy
24395,happy
24410,happy
24465,happy
24492,sad
2450,happy
24509,happy
24521,happy
24530,happy
24535,sad
24536,happy
24570,sad
24607,happy
24633,happy
24652,happy
24656,happy
24680,neutral
24692,happy
24699,happy
247,happy
24718,happy
2472,happy
24731,neutral
24747,happy
24764,happy
24769,surprise
24777,happy
24783,happy
24823,neutral
2483,happy
24845,happy
24884,sad
24906,happy
24910,happy
2492,neutral
24942,happy
24946,happy
25006,happy
25017,happy
25028,happy
25037,sad
25039,happy
25048,angry
25058,happy
25123,happy
25163,happy
25180,happy
25186,happy
25199,happy
25223,neutral
25271,happy
25275,neutral
25287,sad
25322,happy
25328,happy
25337,happy
25342,neutral
25383,angry
25396,neutral
25414,happy
25420,happy
25431,happy
25438,sad
25443,happy
25454,sad
25472,happy
25517,happy
25533,happy
2554,neutral
2556,happy
25578,happy
2559,happy
25602,happy
25604,happy
25649,happy
25652,happy
25658,happy
25686,happy
25705,happy
25714,happy
25719,happy
25720,happy
25744,happy
25747,happy
25759,happy
25775,neutral
25809,neutral
25839,happy
25887,happy
25902,happy
25927,fear
25937,happy
25949,happy
25993,happy
26018,happy
2603,sad
26032,happy
26034,happy
26046,happy
26077,surprise
26098,happy
26107,angry
2611,happy
26159,happy
26160,happy
26169,happy
2620,happy
26212,happy
26224,happy
2629,happy
26338,happy
26370,happy
26397,happy
2640,happy
26456,happy
26459,happy
26468,happy
26477,happy
2649,happy
26511,happy
2655,happy
26563,happy
26578,angry
26660,happy
26665,happy
26667,neutral
26676,happy
26703,happy
26720,fear
26736,happy
26775,happy
2678,happy
26819,happy
26840,happy
26850,sad
26873,happy
26888,happy
26891,happy
26906,happy
26909,neutral
26913,happy
26935,happy
26960,happy
26963,happy
26967,happy
26978,happy
26981,happy
27048,happy
27051,happy
27105,neutral
27106,happy
27128,happy
27140,happy
27152,happy
27162,happy
27172,happy
27187,happy
27196,neutral
27197,happy
27204,neutral
27212,happy
27227,happy
27246,happy
27277,happy
27294,happy
2730,happy
27326,happy
27333,happy
27334,happy
27365,happy
27367,happy
27404,happy
27407,sad
27426,happy
27446,happy
2745,happy
27452,happy
27474,happy
27508,happy
2754,happy
27554,neutral
27563,surprise
27575,happy
27616,happy
27619,neutral
27625,happy
27636,happy
27645,happy
27647,happy
27648,happy
27662,sad
27671,happy
27675,happy
27701,happy
2771,happy
2774,happy
27779,sad
27823,neutral
27854,happy
2790,fear
27928,happy
27931,happy
27932,happy
27940,happy
27944,neutral
27949,happy
2796,happy
28040,happy
28046,sad
2805,happy
2806,angry
2810,happy
28105,happy
28108,sad
28115,happy
28138,happy
28140,angry
2816,happy
2820,happy
28249,happy
28256,neutral
28264,happy
28273,happy
28282,happy
28367,angry
28376,sad
28379,happy
28383,happy
28415,sad
28474,happy
28502,surprise
28522,happy
28529,happy
2857,happy
28581,happy
28590,happy
28594,happy
28600,happy
2861,happy
28632,happy
2867,happy
28676,happy
28688,angry
28772,surprise
28797,surprise
28807,happy
28814,surprise
2885,happy
28871,happy
28897,happy
28928,happy
28934,happy
28938,happy
28949,happy
28954,angry
28955,happy
28962,angry
28963,sad
28982,happy
29003,happy
29019,happy
29020,angry
29067,happy
29071,happy
29074,happy
29111,happy
29123,happy
2913,happy
29185,happy
29211,happy
29214,neutral
29248,sad
29258,happy
29290,sad
2930,happy
29300,happy
29329,neutral
29365,happy
29370,happy
2938,happy
29398,happy
29415,happy
29423,sad
29456,happy
29460,happy
29464,angry
29467,happy
29475,sad
2948,happy
29504,happy
29555,happy
29578,happy
29589,happy
29645,happy
29647,happy
29648,happy
29649,happy
2965,happy
29680,happy
29697,happy
29699,neutral
29707,sad
29724,happy
29766,angry
29769,happy
29773,happy
29821,happy
29834,happy
29844,angry
2985,happy
29889,happy
29919,happy
29979,happy
29981,happy
29987,happy
29991,happy
30,happy
30006,happy
30016,happy
30069,neutral
30099,happy
3010,happy
30102,happy
30114,happy
30119,happy
30127,happy
30143,sad
3016,happy
30164,happy
30188,happy
30193,happy
30216,happy
3022,happy
30221,happy
3024,happy
30241,happy
30245,happy
3029,happy
30297,neutral
30328,happy
30332,happy
30337,happy
30338,happy
30341,neutral
30400,happy
30407,happy
30424,happy
30478,happy
30585,happy
30646,happy
30651,happy
30652,happy
30661,neutral
30675,happy
30683,happy
30689,neutral
3069,happy
30704,sad
30728,happy
30737,happy
30738,surprise
30749,happy
3077,happy
30772,angry
30779,happy
30793,neutral
30808,neutral
30820,happy
30822,happy
30823,happy
30825,happy
3083,happy
30830,happy
30835,happy
30851,happy
30855,happy
30856,neutral
3086,happy
30871,happy
30893,angry
30909,happy
30948,happy
30951,happy
30961,happy
30962,happy
30965,sad
30981,happy
31010,neutral
31029,happy
31043,happy
31056,happy
3106,happy
31080,happy
31101,happy
31112,angry
31137,happy
31140,happy
31141,happy
31145,neutral
3117,happy
3120,happy
31209,happy
31239,happy
31285,happy
31295,happy
3131,happy
31316,happy
3132,happy
31366,happy
3138,happy
31384,happy
3144,happy
31440,happy
3146,happy
31542,happy
31551,happy
31571,happy
31572,happy
3162,happy
31627,sad
31629,happy
31659,sad
31697,happy
31742,happy
31752,happy
31806,happy
31811,happy
3182,happy
31833,happy
31853,happy
31858,happy
31870,happy
31897,happy
31908,happy
31929,surprise
31952,surprise
31977,happy
31987,happy
32046,happy
32047,happy
32048,happy
32051,angry
3209,happy
32142,happy
32144,happy
3215,sad
32177,happy
32248,happy
32344,happy
32354,surprise
32372,happy
32377,happy
32382,happy
32388,happy
32402,fear
32439,happy
3245,sad
325,happy
3250,happy
32541,happy
32544,happy
32568,happy
32570,surprise
32574,happy
32595,happy
3260,fear
32607,happy
32614,happy
32624,surprise
32627,happy
32684,surprise
32725,surprise
32763,happy
32769,happy
32773,neutral
3278,happy
32796,happy
32826,happy
32835,happy
32837,angry
32838,happy
32849,sad
32913,happy
32917,happy
32950,happy
32952,happy
32953,happy
32958,happy
32973,happy
32993,happy
32997,happy
32998,happy
33016,happy
33017,happy
33024,happy
33046,happy
33065,happy
33066,sad
33071,neutral
33084,surprise
33091,happy
33094,happy
331,happy
3313,happy
33144,happy
33174,happy
33175,happy
3318,sad
33188,happy
33212,happy
33216,happy
33228,happy
33231,happy
33240,happy
33268,angry
33283,happy
333,happy
33319,happy
33320,neutral
33322,happy
33326,surprise
33343,happy
33357,happy
33366,happy
33375,happy
33407,happy
33423,happy
33455,happy
33460,surprise
33463,happy
33518,happy
33525,happy
33530,happy
33533,happy
33544,sad
33564,sad
33610,happy
33648,fear
33660,happy
33675,happy
33690,happy
33727,happy
33757,happy
33762,sad
33802,happy
33807,neutral
33842,happy
33853,happy
33874,happy
33915,happy
33917,happy
33933,happy
33938,happy
33981,happy
34015,happy
34049,happy
34057,happy
34098,happy
3410,neutral
34102,happy
3411,happy
34119,happy
34129,happy
3414,happy
34170,happy
34219,happy
3422,happy
34226,happy
34234,happy
34244,happy
34257,happy
34295,happy
34302,sad
3431,happy
34316,happy
34361,happy
34375,neutral
34386,happy
34397,sad
34412,happy
34435,happy
34437,happy
34464,happy
34468,happy
3447,happy
34471,fear
34483,happy
34498,happy
34510,neutral
3452,happy
34567,happy
34569,happy
34585,happy
34599,happy
34600,happy
34644,sad
34645,happy
34649,sad
3465,happy
34688,surprise
34720,happy
34724,happy
34737,happy
34753,happy
34756,neutral
34759,happy
34761,happy
34768,happy
34772,neutral
34829,happy
34836,happy
34840,happy
34841,happy
34861,happy
34941,angry
34965,happy
34969,happy
34978,sad
35101,happy
35117,happy
35142,happy
35153,happy
35163,happy
35177,happy
35199,happy
35200,happy
35209,happy
35226,neutral
35291,happy
35321,happy
35341,sad
35346,happy
35364,happy
35369,neutral
35370,happy
35372,happy
3538,happy
3543,sad
35454,neutral
35481,happy
35497,happy
35520,neutral
35536,happy
35547,happy
35552,happy
35559,happy
35582,happy
35598,happy
356,happy
35603,happy
35659,neutral
35664,happy
35677,happy
35685,happy
35698,neutral
3570,happy
35707,happy
35721,happy
35724,fear
3574,sad
35767,happy
35771,happy
35787,neutral
35792,happy
35794,happy
35804,happy
35850,happy
35856,happy
35860,happy
35869,happy
3590,happy
3647,neutral
366,happy
3662,happy
3663,happy
370,angry
3755,surprise
3763,happy
3766,happy
3772,happy
3811,happy
3818,happy
3842,happy
3875,happy
3891,angry
3906,happy
3958,angry
3959,neutral
3969,happy
3977,fear
3978,happy
3982,neutral
4029,happy
4041,happy
4084,happy
4090,happy
4094,happy
41,neutral
4107,happy
4114,surprise
4133,surprise
4156,angry
4159,happy
4165,happy
4169,happy
4174,happy
4182,happy
4185,happy
4226,sad
4248,happy
4264,happy
4269,happy
4284,happy
4295,neutral
4345,surprise
4363,happy
4366,happy
440,happy
4433,happy
446,happy
4480,happy
4485,neutral
4492,happy
4506,happy
4526,happy
4549,angry
4558,happy
4576,happy
4580,surprise
4589,happy
4606,happy
4607,happy
4620,happy
4634,happy
4640,happy
4649,happy
4653,sad
4666,neutral
478,neutral
4786,happy
4791,sad
4797,surprise
4803,happy
4814,happy
4827,happy
4832,happy
4849,happy
485,happy
487,happy
4910,happy
4948,angry
4980,happy
4988,happy
4996,happy
5006,happy
5008,happy
5048,sad
5062,happy
5089,happy
5102,happy
5127,happy
5154,neutral
5176,happy
5209,happy
5264,happy
5269,happy
527,happy
5278,happy
5279,happy
5289,neutral
5293,neutral
5303,happy
531,happy
5318,neutral
5340,happy
5356,neutral
5417,happy
5445,happy
5452,happy
5468,happy
5477,happy
5490,happy
5493,happy
5523,happy
553,fear
5548,happy
5558,sad
5594,happy
5618,happy
5674,happy
568,happy
5694,happy
5705,happy
5714,happy
5719,happy
5753,happy
5766,happy
5783,happy
5797,happy
5800,happy
5807,happy
5812,happy
5835,happy
5857,happy
5891,happy
5904,angry
5919,happy
594,happy
5942,angry
5954,happy
5968,happy
5977,happy
5988,happy
6029,happy
6045,happy
6052,surprise
6095,happy
6110,happy
6123,happy
613,happy
6136,sad
6169,happy
6175,happy
6183,happy
62,happy
620,happy
6206,neutral
6217,happy
6246,happy
6272,happy
628,neutral
629,happy
6368,happy
6378,happy
639,sad
6394,happy
6403,happy
6416,happy
6444,happy
6457,happy
6473,happy
6500,happy
6522,happy
6532,sad
655,happy
657,happy
6577,happy
659,happy
6603,surprise
6616,angry
6677,happy
6686,happy
6689,happy
6691,happy
6700,neutral
6703,happy
674,sad
6744,sad
6759,happy
6776,fear
6784,happy
6792,sad
681,sad
6811,happy
6818,happy
6865,happy
690,happy
6914,happy
6928,surprise
693,neutral
6935,happy
6977,happy
6989,happy
7017,happy
7020,happy
7026,happy
7029,happy
7065,happy
7080,happy
7100,neutral
7116,happy
7159,happy
7162,happy
7191,happy
7200,happy
721,happy
7244,happy
7245,happy
7292,sad
7299,happy
7333,happy
7335,happy
7366,happy
7379,sad
738,angry
7392,happy
7413,happy
7425,angry
7441,happy
7511,angry
7531,happy
7532,happy
7537,angry
7548,happy
7561,happy
7590,happy
7603,happy
7659,angry
7664,happy
7672,happy
7674,happy
7680,happy
7700,happy
7702,happy
7712,happy
7713,happy
7737,happy
774,happy
7753,happy
7762,happy
7804,happy
7813,happy
7815,happy
7827,happy
7845,happy
7881,happy
7892,sad
7905,happy
7916,surprise
7948,neutral
7975,happy
7986,neutral
8,happy
80,happy
8020,neutral
8027,happy
8034,happy
8049,happy
8065,neutral
8082,happy
8086,happy
8089,happy
817,happy
8188,happy
8228,happy
8268,happy
8276,happy
8284,neutral
8293,happy
8301,happy
8303,happy
8316,happy
8322,angry
8331,happy
8334,happy
8338,happy
8355,angry
8424,happy
8434,neutral
8449,happy
8457,happy
8473,happy
8539,happy
8548,happy
8559,happy
856,happy
8649,neutral
8657,surprise
8662,happy
8677,happy
8682,happy
8691,surprise
8704,happy
873,happy
8753,happy
8756,happy
8762,happy
880,angry
8820,happy
8861,happy
8864,happy
8886,sad
8915,happy
8940,happy
895,sad
8960,happy
897,happy
898,happy
8993,happy
9005,happy
906,happy
9060,happy
9070,happy
9071,happy
9085,happy
9094,happy
9147,happy
915,neutral
9152,happy
9167,happy
9174,happy
9180,happy
9202,happy
9206,happy
9222,happy
9246,sad
9272,angry
9286,neutral
9371,happy
9392,happy
9412,fear
9416,happy
942,happy
9437,sad
9442,happy
9476,happy
9486,happy
951,happy
9538,happy
9542,sad
9570,happy
9571,happy
9598,angry
9599,happy
9605,neutral
9640,happy
9687,happy
973,happy
9774,happy
9800,neutral
9833,happy
9845,happy
9865,angry
9890,happy
9893,happy
9897,sad
9901,angry
9933,angry
9977,happy
9979,happy
9984,neutral
10033,neutral
10048,surprise
10068,happy
10117,happy
10118,sad
10134,neutral
10150,happy
10247,neutral
10266,neutral
10346,angry
10406,neutral
1045,happy
10512,neutral
10518,neutral
10533,neutral
10535,angry
10549,sad
10624,neutral
10634,sad
10653,neutral
10676,neutral
10693,neutral
10715,angry
10741,neutral
10774,neutral
10787,sad
10902,neutral
10906,sad
10916,angry
10926,sad
1093,neutral
1094,neutral
1101,sad
11022,neutral
11032,surprise
11034,sad
11038,sad
11055,neutral
11065,sad
11098,neutral
11108,neutral
11130,sad
11168,neutral
11180,happy
112,neutral
11213,neutral
11218,angry
11233,neutral
11251,neutral
1126,neutral
11269,sad
11277,sad
11278,sad
11317,neutral
11358,sad
11390,sad
11395,neutral
1142,neutral
11448,sad
11462,happy
11491,neutral
11518,neutral
11560,sad
11603,neutral
11654,neutral
11660,happy
11686,neutral
11689,neutral
11725,angry
11738,sad
11783,neutral
11818,sad
11823,sad
11834,neutral
11872,surprise
11875,angry
11889,neutral
1189,angry
11913,neutral
11928,neutral
11977,neutral
12042,neutral
1206,angry
12090,neutral
12096,neutral
12100,neutral
12106,neutral
12116,happy
12117,neutral
12162,fear
12173,neutral
1220,neutral
12202,surprise
12215,surprise
1222,neutral
1227,neutral
12272,surprise
12289,surprise
12319,happy
12361,neutral
12363,sad
12366,sad
12407,neutral
12423,neutral
1248,sad
12500,happy
12508,surprise
12519,sad
12569,angry
12647,neutral
12801,neutral
12852,neutral
12869,neutral
12879,neutral
12885,happy
12933,neutral
12976,sad
1300,sad
13047,sad
1313,neutral
13161,sad
13164,neutral
13188,sad
13212,angry
13237,fear
13242,neutral
1328,happy
13337,neutral
1336,neutral
1339,neutral
13409,neutral
13411,neutral
13424,neutral
13430,neutral
13433,sad
13441,sad
13467,sad
13498,neutral
135,neutral
13531,neutral
13586,sad
13603,sad
13619,neutral
13633,sad
13644,neutral
13653,sad
13670,neutral
13692,sad
13695,happy
13800,angry
13808,neutral
13825,surprise
13834,happy
13843,neutral
13897,neutral
13909,neutral
14047,neutral
1407,neutral
1411,neutral
14113,happy
14135,sad
14154,neutral
14170,happy
14174,neutral
14175,angry
14187,neutral
14190,neutral
14224,neutral
14342,neutral
14352,neutral
14362,angry
14406,sad
14436,neutral
14481,sad
14487,neutral
14495,neutral
14496,sad
14513,sad
14542,neutral
14550,angry
14564,sad
14641,neutral
14645,happy
14671,happy
14703,neutral
14717,neutral
14741,neutral
14859,neutral
14867,neutral
14929,neutral
1493,happy
14957,neutral
14980,neutral
15007,neutral
15013,neutral
15044,neutral
15070,neutral
15102,neutral
15106,sad
15120,neutral
15121,neutral
15132,fear
15168,neutral
15193,neutral
15207,happy
15210,neutral
15220,sad
15248,neutral
15293,neutral
15333,neutral
15334,sad
15350,neutral
15366,neutral
15387,neutral
15405,happy
15441,neutral
15445,sad
15459,sad
15529,neutral
15536,neutral
15568,angry
15570,angry
15611,sad
15634,neutral
15638,neutral
15651,angry
15686,happy
15713,neutral
15716,sad
15717,sad
1572,fear
15721,angry
15824,sad
15847,neutral
15890,happy
15904,angry
15932,sad
15963,angry
16019,angry
16094,angry
16101,neutral
16143,happy
16196,angry
16257,sad
16324,neutral
16329,neutral
16350,neutral
16363,fear
16389,happy
16419,neutral
16463,sad
16464,angry
16476,neutral
16478,fear
16508,neutral
1656,neutral
16569,sad
16570,sad
16575,neutral
16685,surprise
1669,neutral
16696,neutral
16714,neutral
1675,neutral
16817,neutral
16823,neutral
1683,angry
16845,neutral
1685,sad
16860,happy
1688,neutral
16890,neutral
16964,happy
16969,sad
16989,angry
17015,neutral
17018,neutral
17028,neutral
17131,neutral
1716,neutral
17163,neutral
17212,neutral
17231,neutral
17251,angry
17267,fear
17273,neutral
17276,neutral
17295,angry
17318,sad
17345,angry
17359,neutral
1737,sad
1738,fear
17417,neutral
17424,neutral
17538,sad
17555,neutral
17563,neutral
17582,angry
1759,neutral
17598,neutral
17695,fear
17702,happy
17790,neutral
17815,neutral
17837,sad
1785,surprise
17886,sad
17973,neutral
17980,angry
18035,neutral
18130,angry
18168,angry
18181,neutral
1819,sad
18208,neutral
18223,neutral
18281,neutral
18288,sad
1830,neutral
18301,neutral
18312,neutral
18321,neutral
18339,neutral
1835,happy
18388,neutral
18389,neutral
18431,neutral
18469,sad
18497,neutral
18545,neutral
18554,sad
18658,neutral
18687,neutral
18703,neutral
18708,neutral
18725,sad
1874,happy
18778,neutral
18791,neutral
18803,neutral
18825,neutral
18909,surprise
1892,neutral
18926,neutral
1897,neutral
18973,happy
18986,neutral
19009,neutral
19131,neutral
19181,happy
19204,neutral
19214,sad
19234,surprise
19259,sad
19329,neutral
19340,neutral
19373,neutral
19390,neutral
19411,sad
19435,neutral
19495,fear
19533,neutral
19549,happy
19571,sad
19581,neutral
19590,neutral
19591,neutral
19609,neutral
19615,neutral
19643,neutral
1972,sad
19793,happy
19797,neutral
19829,sad
19855,sad
19863,neutral
1988,angry
19953,happy
19983,happy
19993,happy
20008,neutral
20019,neutral
20028,neutral
20036,neutral
201,sad
20150,neutral
20157,neutral
2019,happy
20223,angry
20257,sad
20272,sad
20274,neutral
20289,sad
20360,sad
20372,neutral
20416,neutral
20432,neutral
2044,neutral
20514,neutral
20517,sad
2053,sad
20549,sad
20588,sad
20603,surprise
20621,neutral
20665,sad
20670,angry
2068,sad
20680,sad
20737,sad
20814,neutral
20833,sad
20856,neutral
20875,neutral
20892,sad
20893,sad
20933,happy
20948,neutral
21025,sad
21030,angry
21092,sad
21104,neutral
21150,neutral
21166,neutral
21167,sad
21199,neutral
21210,neutral
21265,surprise
21311,neutral
21314,sad
2133,neutral
21337,neutral
21351,neutral
21377,neutral
21386,neutral
21393,sad
21404,happy
21451,neutral
21455,fear
21470,surprise
21475,sad
2149,neutral
21557,neutral
2156,neutral
21589,neutral
21638,happy
21658,neutral
21663,neutral
21695,neutral
217,neutral
2172,neutral
21730,angry
21752,surprise
21794,neutral
21812,sad
21817,happy
21822,neutral
21852,neutral
21862,neutral
21880,sad
21962,neutral
21971,sad
22023,sad
22028,neutral
2207,neutral
22088,neutral
22091,sad
22095,neutral
22123,neutral
2216,neutral
2223,neutral
22267,neutral
2227,neutral
22292,neutral
22325,sad
22336,neutral
22354,sad
22357,surprise
22403,neutral
22410,neutral
22442,neutral
22457,neutral
22482,neutral
22508,sad
22517,neutral
22571,angry
22576,neutral
22587,neutral
22617,neutral
22627,neutral
22655,neutral
22688,neutral
22691,neutral
22720,fear
2273,neutral
22774,neutral
22787,neutral
2279,neutral
22820,neutral
22867,neutral
22886,neutral
22916,neutral
22924,neutral
22974,sad
22987,sad
22992,neutral
23012,sad
2303,neutral
23039,neutral
23057,neutral
23103,neutral
23119,neutral
23167,sad
23172,sad
23186,neutral
23204,neutral
23216,happy
23224,fear
23244,sad
23272,fear
23291,neutral
23343,neutral
23348,sad
23396,neutral
23457,neutral
23470,neutral
23487,neutral
23565,neutral
23609,neutral
23623,sad
23634,neutral
23666,neutral
23691,neutral
23722,neutral
23725,neutral
23741,neutral
23794,surprise
23858,neutral
23869,neutral
23929,neutral
24003,fear
24051,neutral
24065,neutral
24101,neutral
24104,neutral
24105,neutral
24156,neutral
24175,neutral
24182,neutral
24187,neutral
24232,neutral
2427,surprise
24347,neutral
24358,neutral
2443,neutral
24443,neutral
24531,happy
24573,neutral
24575,neutral
2458,happy
24725,neutral
24768,neutral
24774,angry
24779,neutral
24785,neutral
24798,happy
24815,angry
24820,neutral
24877,neutral
24912,neutral
24931,neutral
24962,neutral
24964,sad
25007,neutral
25018,fear
25021,sad
25078,sad
25089,neutral
25099,neutral
2510,neutral
25151,neutral
25295,sad
25318,sad
2535,neutral
25372,angry
25391,neutral
25401,neutral
25409,neutral
25451,sad
25497,sad
25507,happy
25520,neutral
25537,neutral
25573,neutral
25593,neutral
25615,neutral
25627,happy
25635,neutral
2564,neutral
25668,happy
25678,neutral
25682,neutral
25685,neutral
25695,neutral
25701,sad
25723,neutral
25743,neutral
25773,neutral
25797,neutral
25800,neutral
25810,neutral
25818,sad
25841,sad
2588,neutral
25895,neutral
25915,neutral
25919,neutral
25969,neutral
25978,fear
25979,fear
25994,happy
26016,happy
26023,happy
26041,angry
26049,neutral
26056,neutral
26067,neutral
26069,neutral
26081,sad
2613,neutral
26134,sad
26161,neutral
26187,sad
26190,neutral
26192,neutral
26200,neutral
26209,neutral
26223,angry
26227,neutral
26237,neutral
26318,neutral
26364,neutral
26411,happy
26453,neutral
26464,neutral
26495,neutral
26539,angry
26647,neutral
26654,neutral
26682,angry
26715,neutral
26767,fear
2677,neutral
26771,sad
26833,neutral
26839,fear
26851,sad
26892,happy
26901,fear
26961,neutral
2699,neutral
2710,neutral
27115,happy
27190,happy
27218,neutral
27229,happy
2727,neutral
27299,sad
273,angry
27306,neutral
27329,sad
27405,neutral
27465,neutral
2747,fear
2750,neutral
2753,neutral
27533,neutral
27594,angry
27597,sad
2761,neutral
27642,happy
27646,happy
27650,angry
27683,neutral
27692,neutral
27752,angry
27767,sad
27864,neutral
2792,neutral
27985,neutral
27995,neutral
28005,neutral
28007,happy
28014,happy
28025,neutral
28084,sad
28153,surprise
28235,fear
28251,sad
28269,happy
28278,happy
2829,neutral
28298,neutral
28359,sad
28471,neutral
28478,neutral
28480,happy
28493,neutral
28499,neutral
28507,surprise
28517,neutral
28531,fear
28535,happy
28539,neutral
28546,fear
28549,neutral
28642,happy
28681,angry
2871,neutral
28723,neutral
28769,neutral
28782,angry
28836,angry
28842,neutral
28846,happy
28854,sad
28951,neutral
29009,neutral
2901,neutral
29099,fear
29129,neutral
2914,neutral
29216,neutral
29246,sad
29256,sad
29311,sad
29324,neutral
29388,neutral
29403,happy
29428,neutral
29438,neutral
29484,surprise
29500,neutral
29505,neutral
29525,neutral
2953,angry
29556,neutral
29559,sad
2957,neutral
29608,neutral
29609,sad
2962,neutral
29637,neutral
29664,sad
29694,neutral
29758,neutral
2978,neutral
29794,neutral
2984,neutral
29840,happy
29848,neutral
29893,neutral
29916,neutral
29921,neutral
29944,neutral
2995,sad
2998,surprise
30053,sad
30121,sad
30167,neutral
30197,sad
30220,happy
30345,neutral
30346,neutral
30371,sad
30374,neutral
30422,neutral
3050,neutral
3051,neutral
30530,neutral
30543,sad
30546,sad
30581,neutral
30713,neutral
30786,sad
30850,neutral
30976,neutral
31057,happy
31123,angry
31132,fear
31139,neutral
3115,neutral
31164,neutral
31189,neutral
3123,neutral
31240,neutral
31257,sad
31263,neutral
31307,neutral
31332,neutral
31347,neutral
31371,neutral
31373,neutral
31478,angry
31483,angry
31486,angry
31546,angry
31561,neutral
31591,neutral
31713,neutral
3174,neutral
31774,neutral
31820,happy
31869,sad
3191,neutral
31949,neutral
31997,sad
3204,neutral
32071,neutral
32081,neutral
3221,neutral
32216,happy
32321,neutral
32330,angry
32355,happy
32360,neutral
32371,neutral
32391,neutral
32443,neutral
32445,neutral
32467,neutral
3247,sad
32479,neutral
32508,neutral
32516,neutral
32547,neutral
32587,neutral
32605,neutral
32636,fear
32671,neutral
32683,angry
32730,neutral
3276,neutral
32778,angry
32782,neutral
32792,neutral
32817,neutral
32855,sad
32870,neutral
32905,neutral
32914,surprise
32935,happy
32939,sad
32965,neutral
32972,sad
32978,sad
33005,happy
33013,neutral
33022,neutral
33031,sad
33049,neutral
33052,happy
33100,neutral
33124,neutral
33159,sad
33182,neutral
33219,neutral
33243,angry
33255,neutral
33317,neutral
33346,neutral
33381,happy
33399,sad
33452,neutral
33468,angry
33471,neutral
33514,neutral
33526,sad
33609,neutral
33642,happy
33699,neutral
33710,neutral
3375,neutral
33785,happy
33794,neutral
33813,sad
33819,neutral
33856,neutral
33858,neutral
33863,neutral
33865,neutral
33870,neutral
33880,neutral
33894,sad
3395,neutral
33965,neutral
33999,happy
34037,neutral
3404,neutral
34059,neutral
34088,sad
34093,neutral
34131,fear
34161,neutral
34269,happy
34272,neutral
34279,sad
34308,neutral
34324,neutral
34335,neutral
34513,angry
34526,neutral
34530,neutral
34539,happy
34555,sad
34598,sad
34612,neutral
34673,neutral
34685,neutral
34854,neutral
34870,fear
34875,neutral
34920,sad
34979,neutral
3502,sad
35034,angry
35075,neutral
35108,neutral
35129,neutral
35183,sad
35216,happy
35229,sad
35241,neutral
35255,happy
35267,neutral
35332,neutral
3535,sad
35356,neutral
3537,neutral
35400,neutral
35408,neutral
35484,neutral
35546,neutral
35576,neutral
35628,sad
35657,neutral
3566,neutral
35704,sad
3575,neutral
35754,neutral
35755,neutral
35764,happy
35775,surprise
35802,angry
35852,neutral
3600,neutral
3610,sad
3700,neutral
3729,angry
3792,sad
3795,neutral
3899,neutral
3909,neutral
3929,neutral
3932,angry
3953,neutral
3986,neutral
405,neutral
4062,neutral
4124,neutral
4137,neutral
4194,sad
4223,neutral
4242,fear
4314,angry
4328,neutral
4339,neutral
4372,happy
4380,neutral
4394,happy
44,neutral
4443,neutral
4449,neutral
449,surprise
4552,neutral
4553,happy
4563,neutral
4573,neutral
4574,angry
4672,neutral
4748,neutral
4752,sad
4770,neutral
4777,sad
4802,neutral
4825,happy
4829,sad
4868,neutral
4870,fear
4883,neutral
4888,surprise
4935,happy
4953,sad
4998,neutral
5046,sad
5053,neutral
5073,neutral
508,surprise
5087,happy
5110,angry
5116,neutral
5170,neutral
5186,neutral
5258,neutral
5267,happy
5323,neutral
5345,neutral
5361,neutral
5385,sad
541,neutral
542,neutral
5444,neutral
5446,angry
5449,angry
547,neutral
551,sad
5527,sad
5536,neutral
5549,neutral
5561,neutral
5591,neutral
5651,sad
5687,neutral
5695,neutral
5708,neutral
5713,happy
5715,neutral
5724,neutral
5748,happy
5749,neutral
5784,happy
5792,sad
5811,neutral
5831,angry
584,sad
5853,sad
5865,neutral
5912,neutral
5931,sad
5953,neutral
596,neutral
5976,sad
5984,neutral
60,neutral
601,neutral
6078,neutral
6103,neutral
615,sad
6158,neutral
6180,sad
6193,sad
6236,neutral
6343,neutral
6351,neutral
6388,neutral
6397,sad
6412,sad
644,neutral
649,neutral
6502,neutral
651,neutral
6527,neutral
6599,neutral
662,surprise
6664,neutral
6710,sad
673,neutral
6813,neutral
6836,happy
6842,sad
6869,neutral
6891,angry
6934,sad
7008,fear
7009,neutral
7077,neutral
7092,happy
7110,neutral
7131,neutral
7198,sad
7220,neutral
7239,neutral
7254,neutral
7273,neutral
7274,happy
7348,neutral
7361,neutral
7376,surprise
7398,neutral
7462,sad
7466,neutral
7490,sad
7551,neutral
7571,neutral
7588,neutral
7599,neutral
7630,neutral
766,sad
767,neutral
7717,sad
7755,sad
7765,sad
7772,neutral
7773,neutral
7788,sad
7823,sad
7831,neutral
7871,happy
7903,neutral
7932,neutral
7953,angry
8003,happy
8054,neutral
8076,neutral
8083,surprise
8105,neutral
8141,neutral
8179,neutral
8211,neutral
8216,fear
8233,neutral
8247,neutral
8262,neutral
8264,angry
8280,neutral
8295,neutral
8347,neutral
8352,sad
8373,neutral
838,neutral
8389,neutral
8392,neutral
841,neutral
8410,happy
8471,sad
8483,neutral
8498,neutral
8516,neutral
8536,neutral
855,neutral
8599,neutral
8687,neutral
8694,sad
8724,neutral
8763,neutral
8768,happy
8782,sad
8788,sad
8802,sad
8842,sad
8862,neutral
8863,surprise
8868,happy
8880,happy
891,sad
8919,angry
8946,neutral
8976,neutral
8980,neutral
9011,neutral
9016,neutral
9046,neutral
9050,sad
9069,neutral
9099,neutral
9128,neutral
913,angry
9149,neutral
917,angry
9170,neutral
9209,sad
9221,happy
9235,neutral
9252,neutral
9273,surprise
9276,neutral
9288,neutral
9292,neutral
9324,angry
9335,neutral
9355,neutral
9356,sad
9360,angry
9381,neutral
9415,neutral
9420,neutral
9434,neutral
9453,neutral
9473,sad
9477,neutral
9507,happy
9543,neutral
9611,sad
9701,surprise
9712,fear
9718,sad
9773,neutral
9803,neutral
9838,sad
9867,neutral
9874,neutral
9936,neutral
9975,neutral
9982,happy
9993,neutral
10004,sad
1003,sad
10031,neutral
10073,sad
10114,neutral
10116,fear
10171,neutral
10172,neutral
10176,neutral
1022,sad
10252,sad
1026,sad
10339,sad
10352,sad
10375,happy
10383,sad
10386,sad
10423,sad
10425,sad
10455,sad
10561,sad
10607,sad
10620,sad
10655,surprise
10686,neutral
10694,neutral
10713,happy
10769,sad
1078,neutral
10871,angry
10881,neutral
10919,sad
11025,sad
11026,sad
11031,sad
11100,neutral
11138,neutral
11140,sad
11163,fear
11192,sad
11209,sad
11234,angry
11241,neutral
11264,sad
11280,sad
11284,neutral
11295,angry
11316,neutral
11346,fear
11398,sad
1148,sad
115,sad
11523,sad
1156,fear
11581,sad
11582,neutral
11601,sad
11626,sad
11640,happy
11662,neutral
11722,happy
1173,happy
11746,sad
11790,sad
11794,sad
11836,sad
11867,sad
11876,sad
11880,angry
11891,sad
11909,angry
11966,sad
11978,sad
1198,angry
12040,sad
12074,sad
12092,angry
12113,fear
12119,sad
12190,sad
12246,sad
12267,sad
12318,sad
12364,neutral
12498,sad
12512,neutral
12524,sad
12547,sad
12591,sad
12594,surprise
12621,sad
1264,happy
12648,neutral
12659,neutral
12661,sad
12702,sad
12758,fear
12791,sad
12818,neutral
12827,sad
12899,sad
12958,neutral
1298,neutral
13000,fear
13027,sad
13051,sad
13091,sad
13150,fear
13162,sad
13180,sad
13187,sad
13293,surprise
13296,sad
13339,sad
13380,sad
13421,neutral
13483,sad
13488,sad
13505,happy
13510,sad
1353,sad
13562,sad
13575,neutral
13598,angry
13631,neutral
1364,happy
13666,neutral
13714,sad
13726,sad
13793,sad
13801,angry
13812,sad
13852,sad
13870,sad
13888,happy
13907,happy
13940,sad
13979,sad
13983,neutral
14048,sad
14070,neutral
14106,neutral
14122,surprise
14127,neutral
14136,sad
1420,sad
14208,neutral
14226,angry
14250,neutral
14346,neutral
14384,sad
14388,sad
14459,fear
14464,sad
14472,sad
14474,neutral
14484,neutral
14494,sad
14505,sad
14522,sad
14524,sad
14561,sad
14572,angry
14574,sad
14578,sad
14682,neutral
14696,fear
14729,sad
1482,neutral
14835,sad
14836,angry
15052,happy
15078,sad
15090,sad
15129,neutral
15145,neutral
15167,sad
15169,sad
15192,happy
15208,sad
15289,fear
15294,sad
1536,happy
15365,sad
15373,sad
15436,sad
15447,neutral
15462,sad
15468,neutral
15484,sad
1549,sad
15534,sad
15535,sad
15565,sad
15580,sad
15592,happy
1560,surprise
15613,sad
15642,sad
15657,sad
15696,happy
15697,sad
15795,neutral
15867,neutral
15909,sad
15929,sad
16003,sad
16010,sad
16053,sad
16056,happy
16075,sad
16087,sad
16125,sad
16151,happy
16208,sad
16304,sad
16338,sad
16387,angry
16388,neutral
16405,neutral
16443,happy
1645,sad
16475,sad
16535,sad
16558,sad
16645,angry
16706,sad
16710,sad
16776,angry
1678,sad
16787,neutral
16798,sad
16821,sad
16837,neutral
16839,sad
16863,neutral
16895,sad
16938,sad
16962,neutral
16985,neutral
17003,sad
17011,sad
17100,neutral
17128,sad
172,sad
17206,angry
17215,angry
17237,fear
17248,happy
17257,angry
17275,angry
17279,sad
17293,sad
17297,angry
17331,neutral
17341,neutral
17363,fear
17426,sad
17432,sad
1751,neutral
17518,fear
17597,neutral
17607,neutral
17625,sad
17662,neutral
17666,sad
17678,sad
17713,sad
17717,angry
1772,neutral
17730,neutral
17746,sad
17763,neutral
17767,sad
17775,happy
1778,angry
17784,sad
17794,sad
17887,sad
17912,sad
18047,sad
18067,sad
18101,sad
18120,sad
18180,neutral
18193,neutral
18260,sad
18270,sad
18300,neutral
18345,sad
18349,sad
18361,sad
18367,neutral
18381,sad
18457,sad
18475,sad
1854,sad
18550,sad
18573,neutral
18610,sad
18732,sad
18734,sad
18842,neutral
18855,neutral
18872,fear
18888,sad
18897,sad
1891,neutral
18914,sad
18927,sad
1896,neutral
18962,happy
19029,sad
19049,neutral
19082,fear
19084,sad
19095,sad
19145,neutral
19165,happy
19179,angry
1926,neutral
19274,neutral
19285,sad
19303,sad
1931,sad
19364,neutral
1937,angry
19384,fear
19422,sad
19461,happy
19470,sad
19486,sad
19531,sad
19535,happy
19578,neutral
19607,sad
19663,neutral
19674,sad
1973,sad
19731,neutral
19785,sad
19799,sad
19861,sad
19864,neutral
19880,sad
19893,sad
19934,sad
19969,neutral
19973,sad
19975,sad
20,neutral
20072,sad
20073,sad
20104,sad
20171,sad
20192,sad
20193,neutral
20217,fear
20301,sad
20313,fear
2039,sad
20395,neutral
20400,angry
20468,neutral
20469,sad
20511,angry
20560,angry
20563,neutral
20589,neutral
20650,sad
20656,sad
20667,angry
20750,sad
2084,sad
20908,neutral
2091,surprise
20964,neutral
20979,angry
21005,sad
21029,surprise
21036,fear
21078,neutral
21082,angry
21201,neutral
21221,sad
21249,sad
21275,happy
21282,neutral
21312,neutral
21324,sad
21428,sad
21434,sad
21531,sad
21535,neutral
21549,neutral
2157,sad
21632,neutral
21666,sad
21681,sad
21715,angry
21720,sad
2176,sad
21766,sad
21769,fear
21968,neutral
21978,happy
21988,sad
22004,sad
22032,happy
22051,neutral
22067,sad
22117,sad
22241,fear
22255,sad
22271,happy
22319,neutral
22335,sad
2238,neutral
2239,sad
22390,fear
22416,sad
22419,sad
22448,angry
22449,sad
22452,sad
22521,angry
2256,sad
22602,sad
22619,angry
22631,sad
22651,neutral
22690,sad
22704,neutral
22761,sad
22765,happy
22766,angry
2278,neutral
22808,sad
22816,neutral
22937,neutral
22961,sad
22977,neutral
22989,sad
23054,happy
23060,sad
231,sad
2312,neutral
23220,sad
23297,sad
23304,sad
23341,neutral
23374,fear
23407,neutral
23430,happy
23452,sad
23471,sad
23483,neutral
23507,sad
23542,happy
23549,sad
23562,angry
23584,surprise
23601,sad
23654,angry
23658,sad
2367,neutral
23675,neutral
23700,sad
23715,sad
23748,sad
23760,sad
23764,neutral
23779,sad
23781,sad
23792,neutral
23817,fear
23829,sad
23832,neutral
23853,sad
23884,sad
23901,sad
23905,sad
23915,happy
23945,sad
23948,neutral
23965,sad
23968,sad
23978,sad
23991,sad
24013,sad
24057,sad
24066,neutral
24087,sad
2412,happy
24133,sad
24160,sad
24168,sad
24173,sad
2418,neutral
24183,neutral
24217,fear
24239,neutral
24247,sad
2431,angry
24329,neutral
24363,sad
24384,neutral
24420,sad
24421,sad
24460,angry
24473,sad
2451,sad
24543,angry
24545,sad
24582,happy
24643,sad
24664,sad
24736,angry
2476,sad
2478,sad
2485,happy
24881,fear
24909,neutral
24916,sad
2496,sad
2499,neutral
2502,surprise
25025,neutral
25055,neutral
25087,neutral
25117,fear
25126,fear
25211,neutral
25231,sad
25240,fear
25250,sad
25281,neutral
2530,neutral
2533,fear
25330,neutral
25348,sad
25351,angry
25356,fear
25379,sad
25381,sad
2539,happy
25410,sad
25412,angry
25425,sad
2546,fear
25510,fear
25529,sad
25576,neutral
25582,fear
25597,neutral
25632,angry
25643,angry
2565,sad
25819,sad
25832,sad
25843,sad
25920,neutral
25961,neutral
25983,sad
25985,sad
26005,sad
26006,angry
26040,sad
26079,happy
2615,sad
26198,sad
26249,sad
26269,sad
26270,sad
26292,sad
26304,neutral
26313,sad
26321,sad
2633,neutral
26339,neutral
26346,happy
2635,sad
26355,sad
26368,happy
26378,sad
26398,angry
26404,sad
26443,happy
26484,sad
26501,sad
26543,happy
26566,angry
26573,sad
26581,sad
26586,sad
26600,sad
26612,neutral
26670,happy
26675,sad
26683,sad
26702,sad
26747,sad
26772,happy
26834,neutral
2690,angry
26959,angry
26970,fear
27005,sad
27027,neutral
27035,fear
27052,neutral
27117,happy
27124,sad
27258,sad
27292,sad
27305,fear
27350,sad
27400,sad
27410,sad
27450,neutral
27461,sad
27471,neutral
2748,sad
2751,sad
27518,sad
27522,sad
27561,sad
27562,sad
27576,sad
27585,sad
27588,sad
27629,fear
27681,neutral
27694,neutral
27719,neutral
27759,neutral
27776,happy
27788,neutral
27810,sad
2785,angry
27873,sad
2788,neutral
27887,fear
27913,sad
27948,fear
27993,sad
28053,neutral
28073,neutral
28091,sad
28100,sad
28137,sad
28143,happy
28171,sad
28230,neutral
28252,neutral
28272,sad
28294,sad
28296,sad
28396,happy
28424,sad
28426,happy
28465,sad
28552,sad
28555,sad
28568,sad
28596,neutral
28696,sad
28700,sad
28794,sad
28895,sad
28966,sad
2902,sad
29058,neutral
29082,sad
29112,happy
29121,neutral
29150,angry
29194,sad
29226,happy
29243,fear
29295,sad
29298,sad
29305,fear
29318,sad
29322,sad
2934,sad
29379,sad
29383,neutral
2945,neutral
2950,sad
29529,sad
29553,sad
29561,sad
29580,happy
29585,angry
29617,sad
29622,angry
29627,sad
29628,sad
29632,neutral
29652,angry
29692,neutral
29703,sad
29756,sad
29757,sad
29792,surprise
29819,angry
29835,sad
29875,sad
29897,neutral
29936,sad
29937,sad
29941,neutral
29970,fear
29973,sad
29998,sad
30001,sad
30035,sad
30045,angry
30056,sad
3007,neutral
30080,sad
30094,neutral
30104,sad
30118,sad
3012,sad
30144,neutral
30170,surprise
30181,sad
30219,sad
30251,fear
30274,neutral
30289,fear
30292,sad
30326,happy
30331,sad
30358,sad
30377,angry
30410,sad
30439,neutral
30440,neutral
30462,sad
30541,neutral
30552,angry
3056,angry
30565,surprise
3059,sad
30611,sad
3075,fear
30763,neutral
30789,angry
30817,sad
30818,sad
30853,neutral
30867,sad
3088,angry
3094,neutral
31009,neutral
31068,surprise
31072,angry
31099,sad
31104,neutral
31113,sad
31149,sad
3118,sad
312,sad
31248,angry
31265,sad
31328,sad
31367,sad
3139,neutral
31390,happy
31409,sad
31424,fear
31506,sad
31510,surprise
31527,happy
31534,sad
31634,sad
31643,sad
31653,fear
31663,sad
31665,angry
31669,surprise
3169,sad
31712,fear
31720,angry
31836,sad
31857,sad
3187,sad
32005,sad
32029,surprise
3206,happy
32139,neutral
32175,sad
32183,neutral
32189,sad
32202,sad
32268,surprise
32296,sad
32297,neutral
3235,sad
32383,sad
32394,sad
32422,sad
32565,sad
32580,angry
32582,neutral
32613,sad
3263,sad
32711,sad
32744,angry
32768,sad
32814,sad
32818,sad
32836,sad
32843,angry
32859,happy
32861,sad
32898,neutral
32903,angry
32911,fear
32932,neutral
32982,sad
33089,sad
33152,neutral
33213,neutral
33227,fear
33247,sad
33276,surprise
33295,sad
33302,sad
33331,happy
33371,sad
33373,sad
33421,neutral
33492,angry
33516,sad
33523,sad
33538,neutral
33628,sad
33636,angry
33640,sad
33686,sad
33691,neutral
33693,sad
33736,happy
33747,sad
3378,sad
33780,sad
33786,neutral
3382,angry
33820,sad
33936,neutral
33962,sad
33988,sad
3403,sad
34070,fear
34121,sad
34176,sad
34195,sad
34205,neutral
34242,sad
34250,sad
3433,neutral
34387,neutral
34408,sad
34413,angry
34427,angry
34477,sad
34509,sad
34533,neutral
34605,neutral
34610,sad
34629,fear
34633,angry
34679,sad
34694,angry
3477,happy
34788,sad
34798,fear
34799,neutral
34820,sad
34827,sad
34905,sad
34913,sad
34917,sad
3492,angry
34945,angry
34985,fear
34988,sad
34991,angry
350,sad
35030,neutral
35039,fear
35043,sad
35058,happy
3506,sad
3508,sad
35116,sad
35131,sad
35148,sad
3518,sad
35192,sad
35214,neutral
35297,neutral
35318,fear
35375,sad
35386,sad
35411,neutral
3546,neutral
35528,sad
35567,neutral
35605,neutral
35615,sad
35639,neutral
35691,sad
35737,happy
35768,fear
35812,neutral
35873,sad
359,sad
3634,sad
3653,sad
3661,neutral
3731,angry
3767,sad
3825,angry
3855,neutral
3869,sad
3922,happy
3951,sad
3972,angry
3988,sad
4130,sad
4207,happy
422,sad
4233,fear
4274,sad
4381,sad
4389,fear
4412,neutral
4415,sad
4441,angry
4482,sad
4534,neutral
4572,happy
4594,neutral
4596,sad
4615,sad
4624,neutral
4697,sad
4714,fear
4734,neutral
4736,sad
4764,sad
4771,sad
4811,sad
4860,sad
4940,neutral
4951,sad
4958,happy
4987,neutral
5004,sad
505,sad
5055,happy
5056,sad
5058,surprise
5061,sad
5100,neutral
5101,fear
5107,sad
5147,neutral
5166,sad
5177,sad
5224,sad
5229,sad
5374,neutral
5435,angry
5466,neutral
5560,neutral
5629,neutral
5642,neutral
5689,happy
5710,sad
580,sad
5836,neutral
5910,sad
5995,sad
6025,sad
6033,sad
6109,sad
6137,happy
6149,sad
6187,angry
6215,sad
6265,happy
6304,sad
6312,sad
6353,sad
6400,fear
6449,sad
6459,sad
6467,sad
6492,angry
6521,neutral
6529,sad
6551,neutral
6557,neutral
6563,sad
6645,sad
6660,sad
6720,neutral
6735,sad
6771,sad
680,neutral
6833,sad
6860,sad
688,neutral
6897,sad
6901,neutral
6904,sad
6915,surprise
6930,surprise
6957,angry
6960,sad
6964,sad
70,sad
7030,happy
7037,sad
7039,sad
7119,sad
7121,sad
7165,sad
7232,fear
7253,sad
7268,sad
7275,sad
7287,sad
7301,happy
7337,sad
7371,neutral
7400,happy
7406,sad
7430,sad
7475,neutral
7502,fear
7536,happy
7566,sad
7569,neutral
761,sad
7618,sad
7623,neutral
7675,sad
7679,angry
7724,sad
7776,surprise
7806,neutral
7848,sad
7877,fear
7878,neutral
7943,neutral
7962,sad
7963,angry
7976,sad
798,angry
800,neutral
8039,sad
8056,happy
8098,angry
8099,fear
8102,sad
8146,surprise
8164,sad
8197,sad
8203,sad
822,fear
8223,sad
8238,sad
8252,sad
8266,angry
8333,sad
8390,neutral
8430,sad
8525,neutral
8580,neutral
8614,surprise
8639,sad
8659,sad
8702,neutral
8718,fear
8738,sad
8761,sad
8814,neutral
8834,neutral
8851,neutral
8876,sad
8892,sad
8925,neutral
8953,sad
8955,angry
8958,sad
9006,neutral
9028,sad
9066,sad
9073,happy
9082,sad
9087,sad
9119,neutral
9142,happy
9171,sad
9219,sad
922,happy
9238,fear
9267,fear
9327,angry
9338,angry
9387,surprise
9405,happy
9454,sad
9457,neutral
9459,neutral
9463,angry
9465,neutral
9498,happy
9508,sad
9548,neutral
9689,sad
9693,sad
9713,neutral
9769,sad
977,sad
98,neutral
9841,sad
9864,happy
987,sad
9885,sad
9889,neutral
9923,sad
10056,surprise
10097,neutral
10162,surprise
10185,surprise
10246,surprise
10259,surprise
10268,surprise
10306,surprise
1033,surprise
10365,surprise
10372,surprise
10444,surprise
10545,surprise
10625,surprise
10701,surprise
10734,surprise
10755,happy
10768,surprise
10800,surprise
10813,neutral
10820,surprise
10837,surprise
10866,surprise
10909,surprise
10931,surprise
10950,surprise
11000,angry
11043,surprise
1107,neutral
11126,fear
11139,surprise
1118,surprise
11302,surprise
11414,surprise
11418,surprise
11429,fear
11451,surprise
11466,surprise
11589,surprise
11670,surprise
11721,surprise
1176,surprise
11786,happy
11848,surprise
11865,angry
11902,surprise
12086,fear
12107,surprise
12131,surprise
12134,surprise
12312,surprise
12320,angry
12338,surprise
1239,surprise
12463,surprise
12470,surprise
1249,surprise
12504,surprise
12529,surprise
12551,surprise
12567,happy
12626,surprise
12684,angry
12723,surprise
12748,surprise
12768,surprise
12903,surprise
12924,happy
12960,fear
12973,surprise
13009,neutral
13080,surprise
13101,surprise
13145,surprise
13169,happy
13203,surprise
13205,surprise
13230,surprise
13288,surprise
13460,surprise
13521,surprise
13622,surprise
13684,surprise
13740,surprise
1376,surprise
13837,surprise
13876,surprise
14080,surprise
14091,angry
14115,surprise
14305,surprise
14331,surprise
14375,surprise
1449,surprise
1457,surprise
14647,surprise
14691,surprise
14697,surprise
14798,surprise
14914,surprise
14927,surprise
14968,surprise
15008,fear
15034,surprise
15037,happy
15047,surprise
15101,fear
1515,fear
15179,surprise
15238,surprise
15244,surprise
15263,neutral
15354,surprise
15378,surprise
15383,surprise
15416,surprise
15454,surprise
15467,surprise
15486,surprise
15487,surprise
15518,happy
15524,surprise
15527,surprise
15533,surprise
15628,surprise
15635,neutral
15788,happy
15802,surprise
1583,sad
15922,surprise
15944,neutral
16110,happy
16133,surprise
16172,surprise
16229,surprise
16237,surprise
16280,surprise
16396,surprise
16415,sad
16441,fear
16507,angry
16530,surprise
16646,angry
16666,surprise
16721,surprise
16756,surprise
16774,angry
16829,surprise
16886,surprise
16901,neutral
16947,surprise
16959,surprise
16980,surprise
16995,surprise
17016,surprise
17019,neutral
17027,surprise
17044,fear
1710,surprise
17137,surprise
17148,surprise
17157,angry
17161,surprise
17177,surprise
17205,surprise
17245,neutral
17290,surprise
17309,surprise
1735,surprise
17350,fear
17422,angry
17429,neutral
17433,fear
1750,surprise
176,surprise
17610,surprise
1764,surprise
17693,surprise
17845,surprise
17906,angry
17919,surprise
17952,neutral
1800,surprise
18026,surprise
18038,surprise
18132,surprise
18198,surprise
18285,surprise
18313,surprise
18393,surprise
18436,neutral
18521,surprise
18555,surprise
18577,surprise
18613,surprise
18615,neutral
18619,surprise
18631,surprise
1864,neutral
18678,surprise
18706,surprise
18742,surprise
18862,surprise
18864,surprise
19051,surprise
1911,surprise
1914,surprise
19142,fear
19177,surprise
19187,surprise
19267,surprise
19314,surprise
19362,surprise
19389,neutral
19431,surprise
1945,surprise
1952,surprise
19594,surprise
19601,surprise
19650,surprise
19665,surprise
19720,happy
19755,surprise
19795,surprise
1992,surprise
19972,surprise
20041,surprise
20146,surprise
20148,surprise
20162,surprise
20167,surprise
20262,surprise
20293,surprise
20369,surprise
20373,surprise
20387,surprise
20407,surprise
20467,surprise
20573,angry
20584,surprise
20594,surprise
20664,neutral
20691,surprise
20786,surprise
20855,surprise
20882,surprise
2090,surprise
20935,surprise
20947,happy
20967,surprise
20989,surprise
21044,fear
21072,surprise
21074,surprise
2114,surprise
21148,surprise
21151,neutral
21153,surprise
21154,surprise
2119,surprise
21217,surprise
21233,angry
21239,surprise
21299,surprise
21417,surprise
2146,sad
21461,surprise
21468,surprise
21545,surprise
21570,surprise
21578,surprise
21587,surprise
2168,surprise
2173,surprise
21807,surprise
21824,surprise
21834,surprise
21887,surprise
21896,fear
21906,surprise
2195,surprise
21973,surprise
21987,surprise
2200,surprise
22019,neutral
22025,surprise
22128,surprise
22131,surprise
22278,surprise
2228,surprise
22305,surprise
22322,neutral
2234,surprise
22372,surprise
22497,surprise
22509,angry
22525,surprise
22666,surprise
22741,sad
22771,surprise
22864,sad
22921,surprise
23053,surprise
23151,surprise
23155,surprise
23328,surprise
23346,angry
23386,surprise
23413,neutral
23433,neutral
23661,surprise
23662,surprise
23739,surprise
23747,surprise
23751,surprise
23885,surprise
23893,surprise
23917,surprise
23941,surprise
23943,neutral
23949,surprise
24022,angry
24031,angry
24046,surprise
24050,surprise
24143,angry
24163,surprise
24167,surprise
24174,surprise
24179,surprise
24201,angry
24291,angry
24404,fear
24411,surprise
24415,fear
24432,surprise
24433,neutral
2448,happy
24557,surprise
2461,surprise
24646,surprise
24668,surprise
24756,sad
24893,happy
24904,happy
24921,surprise
25010,surprise
25036,surprise
25044,surprise
25107,surprise
25143,surprise
25188,surprise
25229,fear
25234,surprise
25280,surprise
2529,surprise
25319,surprise
25390,surprise
25397,surprise
25402,surprise
25416,surprise
25492,fear
25539,surprise
25563,surprise
25571,surprise
256,surprise
25610,surprise
25636,neutral
25674,surprise
25687,angry
25709,fear
25742,surprise
25781,surprise
25808,sad
25906,happy
25959,surprise
26076,surprise
26087,surprise
26101,surprise
26102,surprise
26133,surprise
2619,surprise
26243,surprise
2634,happy
26452,surprise
26455,surprise
26483,surprise
26487,surprise
26500,sad
26556,surprise
26626,surprise
26708,surprise
26800,happy
26825,surprise
26907,surprise
26910,surprise
26914,angry
26944,fear
27025,sad
27039,surprise
27070,sad
27125,surprise
27165,surprise
27174,surprise
27193,surprise
27240,surprise
27270,surprise
27273,surprise
27321,surprise
27325,surprise
27328,surprise
2744,fear
27566,surprise
27577,surprise
2758,surprise
27586,surprise
2759,surprise
276,surprise
27696,surprise
27737,surprise
27756,angry
27774,surprise
27803,surprise
27916,surprise
27919,sad
27926,surprise
27933,surprise
27973,surprise
27979,surprise
2803,angry
28076,surprise
28082,surprise
28130,surprise
28182,surprise
28219,happy
28236,sad
28287,surprise
28328,surprise
28335,angry
28342,fear
2835,surprise
2837,surprise
28370,neutral
28421,surprise
28441,surprise
28448,surprise
28476,surprise
28482,surprise
28501,surprise
28525,surprise
28639,surprise
28653,surprise
28666,surprise
28667,surprise
28727,surprise
28803,angry
2886,sad
28864,surprise
28901,neutral
29038,fear
29110,surprise
29118,surprise
29164,surprise
29205,fear
29225,surprise
29276,surprise
29283,surprise
29354,angry
2949,happy
29515,surprise
29516,fear
29537,surprise
29540,surprise
29542,happy
29551,surprise
29557,neutral
2956,surprise
29568,surprise
29618,surprise
29619,surprise
29677,happy
29690,surprise
29796,surprise
29797,surprise
29803,sad
29884,happy
29954,surprise
3002,surprise
30173,surprise
30174,surprise
30184,surprise
30190,surprise
30336,surprise
30537,surprise
30620,surprise
30625,surprise
30628,surprise
30714,surprise
30726,surprise
30811,surprise
3084,happy
30943,surprise
30989,surprise
31005,surprise
31054,surprise
31097,surprise
31102,surprise
31194,surprise
31198,surprise
31206,surprise
31223,surprise
31353,surprise
31364,surprise
31533,surprise
31563,surprise
3157,surprise
31631,happy
31662,surprise
31775,surprise
31781,fear
31784,surprise
31799,surprise
31814,surprise
31826,surprise
31872,surprise
31882,surprise
31899,surprise
31953,fear
31961,surprise
32069,surprise
32132,surprise
32165,fear
32179,surprise
3223,surprise
3224,fear
32243,surprise
32308,happy
32315,surprise
32324,surprise
32334,surprise
32365,surprise
32395,surprise
32405,surprise
32420,surprise
32432,surprise
32510,surprise
32530,surprise
32630,surprise
32695,sad
32727,surprise
32734,fear
32753,surprise
32756,surprise
32894,surprise
32968,neutral
32979,surprise
330,surprise
33039,angry
33055,surprise
33072,surprise
33079,surprise
33147,surprise
33180,surprise
33290,surprise
33316,fear
33329,surprise
33364,surprise
33376,fear
33378,surprise
33405,neutral
33411,surprise
3354,surprise
336,surprise
33667,surprise
33677,surprise
33745,surprise
33759,surprise
33789,surprise
33800,sad
33879,surprise
3392,surprise
33993,surprise
33997,surprise
34004,angry
34034,surprise
34039,surprise
34072,surprise
34087,fear
34134,happy
34162,surprise
34212,surprise
3423,surprise
34237,surprise
34252,fear
34288,angry
34385,surprise
34400,surprise
34416,surprise
34439,surprise
3445,surprise
34546,surprise
34557,surprise
34664,surprise
34674,surprise
34722,surprise
34787,sad
34813,surprise
34844,surprise
34904,surprise
34926,surprise
34984,surprise
34986,surprise
35049,surprise
35063,surprise
35083,surprise
35084,neutral
35118,surprise
35121,neutral
35144,surprise
35154,surprise
35156,neutral
35194,surprise
35201,surprise
35212,surprise
35237,surprise
35276,surprise
35355,fear
35384,neutral
35387,surprise
35399,neutral
35511,surprise
35524,surprise
35530,surprise
35608,neutral
35644,happy
35684,surprise
35688,surprise
35757,surprise
35790,surprise
35823,neutral
35833,surprise
35857,surprise
35872,neutral
3603,surprise
3607,surprise
3635,surprise
3675,surprise
3691,surprise
3756,surprise
3765,surprise
3858,surprise
3874,happy
3878,fear
3925,surprise
4036,surprise
4072,sad
4076,surprise
4080,neutral
4086,surprise
413,surprise
4199,fear
4243,surprise
4289,happy
4347,surprise
435,surprise
4352,sad
438,surprise
4390,surprise
4431,surprise
4486,happy
4513,surprise
4536,surprise
4570,happy
4621,surprise
4636,surprise
4657,happy
4685,surprise
4698,surprise
4793,surprise
4895,surprise
4912,surprise
5037,surprise
5077,surprise
51,neutral
5138,surprise
5178,surprise
518,surprise
5310,surprise
5375,surprise
5419,fear
5450,surprise
5513,surprise
5530,surprise
5595,surprise
5636,surprise
5664,surprise
5706,surprise
5771,surprise
5778,surprise
5855,fear
5893,surprise
5938,surprise
5943,sad
5997,surprise
6046,fear
6050,surprise
6167,surprise
6184,surprise
6216,surprise
6219,surprise
6247,surprise
6309,surprise
6360,surprise
6410,fear
6415,surprise
6425,surprise
6427,surprise
647,angry
6518,surprise
6598,surprise
6647,surprise
670,surprise
6711,happy
6716,surprise
675,surprise
6797,surprise
6877,fear
692,surprise
6966,surprise
7024,surprise
7032,happy
7153,surprise
7203,surprise
7211,surprise
726,sad
7459,surprise
7512,fear
7562,surprise
7582,surprise
759,happy
7626,surprise
7761,surprise
7774,angry
78,surprise
783,surprise
7865,surprise
7874,surprise
788,happy
7926,surprise
7957,happy
8016,surprise
8021,surprise
8042,surprise
8063,surprise
8115,surprise
8137,surprise
8143,surprise
8173,surprise
8240,happy
8309,happy
8329,surprise
8404,surprise
8421,surprise
843,fear
8439,surprise
8478,happy
8489,surprise
867,angry
8736,happy
8837,fear
8928,surprise
8973,surprise
9017,surprise
9021,angry
9118,surprise
9141,surprise
9162,surprise
9309,surprise
9367,surprise
9380,surprise
9450,surprise
9467,fear
947,surprise
9499,surprise
9541,surprise
9546,surprise
9560,angry
9630,surprise
9644,happy
9681,surprise
9776,surprise
9786,happy
9806,surprise
9830,happy
9853,surprise
9878,happy
993,surprise
